batch,start,stop,npoints,physics_area,gridpack_submit_cmd,nanogen_submit_cmd
1,1,40,40,2D plane: CH x CQt,./submit_smeft.sh --grid 9d --start 1 --end 40,./submit_nanogen.sh --grid 9d --start 1 --end 40
2,41,80,40,2D plane: CHbox x CQt,./submit_smeft.sh --grid 9d --start 41 --end 80,./submit_nanogen.sh --grid 9d --start 41 --end 80
3,81,120,40,2D plane: CuH x CQt,./submit_smeft.sh --grid 9d --start 81 --end 120,./submit_nanogen.sh --grid 9d --start 81 --end 120
4,121,160,40,2D plane: CHG x CQt,./submit_smeft.sh --grid 9d --start 121 --end 160,./submit_nanogen.sh --grid 9d --start 121 --end 160
5,161,180,20,2D plane: CtG x CQt,./submit_smeft.sh --grid 9d --start 161 --end 180,./submit_nanogen.sh --grid 9d --start 161 --end 180
6,181,220,40,2D plane: CH x CQt8,./submit_smeft.sh --grid 9d --start 181 --end 220,./submit_nanogen.sh --grid 9d --start 181 --end 220
7,221,260,40,2D plane: CHbox x CQt8,./submit_smeft.sh --grid 9d --start 221 --end 260,./submit_nanogen.sh --grid 9d --start 221 --end 260
8,261,300,40,2D plane: CuH x CQt8,./submit_smeft.sh --grid 9d --start 261 --end 300,./submit_nanogen.sh --grid 9d --start 261 --end 300
9,301,340,40,2D plane: CHG x CQt8,./submit_smeft.sh --grid 9d --start 301 --end 340,./submit_nanogen.sh --grid 9d --start 301 --end 340
10,341,360,20,2D plane: CtG x CQt8,./submit_smeft.sh --grid 9d --start 341 --end 360,./submit_nanogen.sh --grid 9d --start 341 --end 360
11,361,400,40,2D plane: CH x CQQtt,./submit_smeft.sh --grid 9d --start 361 --end 400,./submit_nanogen.sh --grid 9d --start 361 --end 400
12,401,440,40,2D plane: CHbox x CQQtt,./submit_smeft.sh --grid 9d --start 401 --end 440,./submit_nanogen.sh --grid 9d --start 401 --end 440
13,441,480,40,2D plane: CuH x CQQtt,./submit_smeft.sh --grid 9d --start 441 --end 480,./submit_nanogen.sh --grid 9d --start 441 --end 480
14,481,520,40,2D plane: CHG x CQQtt,./submit_smeft.sh --grid 9d --start 481 --end 520,./submit_nanogen.sh --grid 9d --start 481 --end 520
15,521,540,20,2D plane: CtG x CQQtt,./submit_smeft.sh --grid 9d --start 521 --end 540,./submit_nanogen.sh --grid 9d --start 521 --end 540
16,541,580,40,2D plane: CH x CQQ8,./submit_smeft.sh --grid 9d --start 541 --end 580,./submit_nanogen.sh --grid 9d --start 541 --end 580
17,581,620,40,2D plane: CHbox x CQQ8,./submit_smeft.sh --grid 9d --start 581 --end 620,./submit_nanogen.sh --grid 9d --start 581 --end 620
18,621,660,40,2D plane: CuH x CQQ8,./submit_smeft.sh --grid 9d --start 621 --end 660,./submit_nanogen.sh --grid 9d --start 621 --end 660
19,661,700,40,2D plane: CHG x CQQ8,./submit_smeft.sh --grid 9d --start 661 --end 700,./submit_nanogen.sh --grid 9d --start 661 --end 700
20,701,720,20,2D plane: CtG x CQQ8,./submit_smeft.sh --grid 9d --start 701 --end 720,./submit_nanogen.sh --grid 9d --start 701 --end 720
21,721,744,24,2D plane: CQt x CQt8,./submit_smeft.sh --grid 9d --start 721 --end 744,./submit_nanogen.sh --grid 9d --start 721 --end 744
22,745,764,20,2D plane: CQt x CQQtt,./submit_smeft.sh --grid 9d --start 745 --end 764,./submit_nanogen.sh --grid 9d --start 745 --end 764
23,765,784,20,2D plane: CQt x CQQ8,./submit_smeft.sh --grid 9d --start 765 --end 784,./submit_nanogen.sh --grid 9d --start 765 --end 784
24,785,800,16,2D plane: CQt8 x CQQtt,./submit_smeft.sh --grid 9d --start 785 --end 800,./submit_nanogen.sh --grid 9d --start 785 --end 800
25,801,816,16,2D plane: CQt8 x CQQ8,./submit_smeft.sh --grid 9d --start 801 --end 816,./submit_nanogen.sh --grid 9d --start 801 --end 816
26,817,832,16,2D plane: CQQtt x CQQ8,./submit_smeft.sh --grid 9d --start 817 --end 832,./submit_nanogen.sh --grid 9d --start 817 --end 832
27,833,882,50,9D mixed (all 9 coeffs),./submit_smeft.sh --grid 9d --start 833 --end 882,./submit_nanogen.sh --grid 9d --start 833 --end 882
28,883,932,50,9D mixed (all 9 coeffs),./submit_smeft.sh --grid 9d --start 883 --end 932,./submit_nanogen.sh --grid 9d --start 883 --end 932
29,933,982,50,9D mixed (all 9 coeffs),./submit_smeft.sh --grid 9d --start 933 --end 982,./submit_nanogen.sh --grid 9d --start 933 --end 982
30,983,1032,50,9D mixed (all 9 coeffs),./submit_smeft.sh --grid 9d --start 983 --end 1032,./submit_nanogen.sh --grid 9d --start 983 --end 1032
31,1033,1082,50,9D mixed (all 9 coeffs),./submit_smeft.sh --grid 9d --start 1033 --end 1082,./submit_nanogen.sh --grid 9d --start 1033 --end 1082
32,1083,1132,50,9D mixed (all 9 coeffs),./submit_smeft.sh --grid 9d --start 1083 --end 1132,./submit_nanogen.sh --grid 9d --start 1083 --end 1132
33,1133,1182,50,9D mixed (all 9 coeffs),./submit_smeft.sh --grid 9d --start 1133 --end 1182,./submit_nanogen.sh --grid 9d --start 1133 --end 1182
34,1183,1232,50,9D mixed (all 9 coeffs),./submit_smeft.sh --grid 9d --start 1183 --end 1232,./submit_nanogen.sh --grid 9d --start 1183 --end 1232
35,1233,1282,50,9D mixed (all 9 coeffs),./submit_smeft.sh --grid 9d --start 1233 --end 1282,./submit_nanogen.sh --grid 9d --start 1233 --end 1282
36,1283,1332,50,9D mixed (all 9 coeffs),./submit_smeft.sh --grid 9d --start 1283 --end 1332,./submit_nanogen.sh --grid 9d --start 1283 --end 1332
37,1333,1382,50,9D mixed (all 9 coeffs),./submit_smeft.sh --grid 9d --start 1333 --end 1382,./submit_nanogen.sh --grid 9d --start 1333 --end 1382
38,1383,1432,50,9D mixed (all 9 coeffs),./submit_smeft.sh --grid 9d --start 1383 --end 1432,./submit_nanogen.sh --grid 9d --start 1383 --end 1432
39,1433,1482,50,9D mixed (all 9 coeffs),./submit_smeft.sh --grid 9d --start 1433 --end 1482,./submit_nanogen.sh --grid 9d --start 1433 --end 1482
40,1483,1532,50,9D mixed (all 9 coeffs),./submit_smeft.sh --grid 9d --start 1483 --end 1532,./submit_nanogen.sh --grid 9d --start 1483 --end 1532
41,1533,1582,50,9D mixed (all 9 coeffs),./submit_smeft.sh --grid 9d --start 1533 --end 1582,./submit_nanogen.sh --grid 9d --start 1533 --end 1582
42,1583,1632,50,9D mixed (all 9 coeffs),./submit_smeft.sh --grid 9d --start 1583 --end 1632,./submit_nanogen.sh --grid 9d --start 1583 --end 1632
43,1633,1682,50,9D mixed (all 9 coeffs),./submit_smeft.sh --grid 9d --start 1633 --end 1682,./submit_nanogen.sh --grid 9d --start 1633 --end 1682
44,1683,1732,50,9D mixed (all 9 coeffs),./submit_smeft.sh --grid 9d --start 1683 --end 1732,./submit_nanogen.sh --grid 9d --start 1683 --end 1732
45,1733,1782,50,9D mixed (all 9 coeffs),./submit_smeft.sh --grid 9d --start 1733 --end 1782,./submit_nanogen.sh --grid 9d --start 1733 --end 1782
46,1783,1832,50,9D mixed (all 9 coeffs),./submit_smeft.sh --grid 9d --start 1783 --end 1832,./submit_nanogen.sh --grid 9d --start 1783 --end 1832
47,1833,1882,50,9D mixed (all 9 coeffs),./submit_smeft.sh --grid 9d --start 1833 --end 1882,./submit_nanogen.sh --grid 9d --start 1833 --end 1882
48,1883,1932,50,9D mixed (all 9 coeffs),./submit_smeft.sh --grid 9d --start 1883 --end 1932,./submit_nanogen.sh --grid 9d --start 1883 --end 1932
49,1933,1982,50,9D mixed (all 9 coeffs),./submit_smeft.sh --grid 9d --start 1933 --end 1982,./submit_nanogen.sh --grid 9d --start 1933 --end 1982
50,1983,2000,18,9D mixed (all 9 coeffs),./submit_smeft.sh --grid 9d --start 1983 --end 2000,./submit_nanogen.sh --grid 9d --start 1983 --end 2000
