orig_index,category,plane_or_axis,bucket,CH,CHbox,CuH,CHG,CtG
0,mixed,,now,-4.746083454848771,0.21062140968818505,-1.4511028965984762,-0.004319553915573293,-0.012557217835086829
1,mixed,,rest,-2.4696155069520302,-0.22796545029715723,1.0814880036550665,0.006017635217581583,-0.3254771771686983
2,mixed,,now,7.824698847929507,0.16141615095865391,-1.265645300707511,0.015036637903537528,-0.07782552888675837
3,mixed,,rest,-0.20229839579009326,0.13147405741986679,-2.094446888566128,0.009597625239932146,0.23316316578728652
4,mixed,,now,4.407660202442619,-0.04994975254985091,1.5048655690417665,-0.027026378903036764,-0.026364876779478547
5,mixed,,rest,1.4982797736889168,-0.22393351208106582,-0.13614598449472282,0.028745665538605508,0.43635990439464
6,mixed,,now,2.591204479369227,0.13810553259455677,-1.5983138550300182,-0.020156471449571937,-0.2353820022456864
7,mixed,,rest,1.8051560996835097,0.1253232325929478,-1.0979338659457547,-0.020477916427421278,0.042926294735478716
8,mixed,,now,1.043009728115668,-0.021801948370573313,2.1166385341132217,-0.0015493742955547288,-0.011025148166943728
9,mixed,,rest,-3.694048223643569,0.02265947509175393,2.2451296071621125,0.0010190670162668067,0.011819100047451557
10,mixed,,now,1.445515123509564,0.046247276645150166,0.8837539777335351,0.008945349485311591,0.10305833580013815
11,mixed,,rest,-2.6500581871555675,0.05000515771443618,-2.671169320272886,0.004446647162389936,-0.21027063028689652
12,mixed,,now,-0.23756935397260118,0.07900828837500756,-0.6914229351188843,0.0016286083335824394,-0.27340297283097886
13,mixed,,rest,-2.857529412948335,0.11471363135617364,-1.9242159720750744,0.010840873151516462,-0.23139332544662408
14,mixed,,now,-3.0246081912394813,-0.1825708845540629,0.01190949156673826,0.008905998382595119,-0.1776346411039084
15,mixed,,rest,-0.6049091340481565,0.27032529975181246,-0.5289865761017987,-0.013596916114798773,0.0644298362246003
16,mixed,,now,-0.745463086495265,-0.11694846811789339,-2.9928552934271506,0.013638760358672538,-0.09517215029893168
17,mixed,,rest,0.0026184168752925365,-0.17727378614786243,2.1695241667826233,0.01246454903567577,0.16347931819909045
18,mixed,,now,-0.368062293752702,0.07798642177228306,1.4843452494913525,0.01705015609399962,0.052063898236066275
19,mixed,,rest,-0.2063489522140177,-0.059913274549720064,-1.2477399738314687,-0.016091315124581732,0.060005776229985625
20,mixed,,now,-0.8151751075384535,-0.33264276851382946,-0.2587460280602587,0.0177305145777872,-0.04586192788993956
21,mixed,,rest,-6.177786433835938,-0.020723654641388565,1.3082908705159462,0.0033666432791171833,-0.07134574046636272
22,mixed,,now,6.1609629854471315,0.31665881543533153,-0.16404172463380157,0.013557423996540346,0.06541573142529768
23,mixed,,rest,2.6048096682057356,0.24221191955232685,1.3669767422235255,0.0014617557427284442,-0.10891760803606312
24,mixed,,now,-2.706289597592793,-0.004256362066610624,1.930307571997163,0.005008681161703913,0.008842774350545365
25,mixed,,rest,0.8575717460418113,0.005957143733810219,0.9120611431574757,-0.018716026322865488,-0.32920794464540104
26,mixed,,now,-1.4171668320910094,-0.19151230350317297,2.6918967569761114,-0.0026412810037975513,-0.04214555755415434
27,mixed,,rest,-5.1271801150077705,0.04701433881003567,-1.0393535571309283,0.018697037720647774,0.14020350516911428
28,mixed,,now,-2.586320335153846,0.06845274002842011,-4.537360173886199,-0.01122174664623141,0.2077035881935168
29,mixed,,rest,2.6340267606729992,0.02922348141052901,-0.04882433607557953,-0.02365857095585904,-0.2266610540041527
30,mixed,,now,0.7447051952701702,0.2936299052993131,-3.6181497445109834,0.01047480285136338,0.10019942100030471
31,mixed,,rest,3.169192860175453,-0.1448744445068682,-0.8816784515239459,0.0007614015926000966,-0.17125863521137888
32,mixed,,now,-4.097630995139928,-0.14722641198337455,-0.11815577282452766,0.006234222514314375,-0.004098956393510811
33,mixed,,rest,0.2575355278149596,-0.11398553633038042,-1.2013961130204156,0.018677046917373513,-0.009135693378020709
34,mixed,,now,-0.27471241392663404,0.1559977501318198,2.0642285416025983,0.021213258757789517,0.06764870291893577
35,mixed,,rest,-0.1677507380491675,0.048219589815667575,0.2988427946304819,0.02329134260160909,0.048674465290115196
36,mixed,,now,2.128018914510307,-0.004647952191371783,2.2850864163900027,-0.034213460485209325,0.06341817973206867
37,mixed,,rest,2.51796889772486,-0.19318764176687658,3.5838501916008703,-0.002504503643645856,-0.0268607132943442
38,mixed,,now,-3.598141584251599,0.14632769741064958,0.3741123564509481,-0.00985989089174782,0.037710467030943565
39,mixed,,rest,2.2872750233092254,0.20250076800993624,0.3600990690358474,-0.016080392621086084,-0.09276796744243301
40,mixed,,now,-7.661292133948278,-0.12201368768407496,1.227448500740219,0.007761945308496732,-0.01797934146625455
41,mixed,,rest,-1.1381209806857888,0.2640889655783968,0.47040201029678025,0.015159106513097624,0.06584526102277194
42,mixed,,now,-2.231255064120112,0.25922816343097144,-2.063565052100519,-0.01993622435202166,-0.07152491763921788
43,mixed,,rest,-2.4321996441443927,-0.09291148318645501,-0.9999217737704532,0.016447120073193842,0.009032445855116467
44,mixed,,now,1.1730248091087219,-0.26466158480130003,-1.4115855822715109,0.018076171040258063,-0.20063777420756637
45,mixed,,rest,3.928436313433533,-0.17177764233112794,0.49869721334105205,-0.01410399951893312,0.03277005007823066
46,mixed,,now,-2.998792749126185,-0.042767571454051224,2.7875796095871985,-0.006254494103374349,0.33946579673808086
47,mixed,,rest,-1.5293113258248243,-0.1959616099157531,0.12508749800425767,-0.006816503583937804,0.29275533049549296
48,mixed,,now,2.8697435619631833,0.1968789971342575,1.0527836187643145,0.041183285184611694,0.1323837527745375
49,mixed,,rest,1.7711762602945045,-0.1382330995346946,-1.5155063904250747,0.0030705988928140656,0.1662896959081389
50,mixed,,now,3.723196802220566,-0.15733342357504335,0.8856778399455408,0.0032224332821648386,-0.1863772638714123
51,mixed,,rest,1.7061519392673308,-0.37842771484297877,0.4386059099816426,0.0411885582278962,-0.16998086693543737
52,mixed,,now,0.0625087165625876,-0.3157107039343781,-1.2583360929698812,0.01260329565972373,-0.17374366763335683
53,mixed,,rest,-0.11419380986092977,-0.05919471652089271,-0.630713946544119,0.0031774781414103583,0.08073271565190618
54,mixed,,now,4.100892514845092,0.13882843714743565,-0.9415695864138851,0.02357826688757797,0.20804686953004764
55,mixed,,rest,-5.1964936638895445,0.11087209869942125,1.3759919530094817,0.016105313877447517,0.09119588314811292
56,mixed,,now,-4.32394421609688,-0.044605722200349925,-3.450344260780683,-0.00263154255934293,0.33815710401278226
57,mixed,,rest,2.2719029500122763,0.13936726374944186,-0.8558134110396136,-0.016928943427663674,-0.17837848340800122
58,mixed,,now,0.41304219200271086,-0.13383598038967212,-1.0627262446757921,0.019074927328155813,-0.27348365235676364
59,mixed,,rest,-4.380011935248335,-0.08505875162191626,-0.16643480656264004,-0.0021584460638617983,-0.2327841764361939
60,mixed,,now,0.6460311697527124,-0.021548788033012446,0.5907984905040494,-0.018047877275064038,0.040823205793924566
61,mixed,,rest,0.7360693030418715,-0.11007208074515003,-0.36422525116913784,-0.009266650206133297,0.22606350194609018
62,mixed,,now,-4.8255723242129935,-0.28429756575272264,-0.6301998712469183,-0.011308231932091302,-0.06854098907751792
63,mixed,,rest,2.3967088122778777,-0.27208657949365006,-1.4094893850119663,-0.003718334307993284,-0.20036971994387556
64,mixed,,now,1.2332922771700259,0.054999559635111696,-1.184077684602237,-0.029518452704549752,0.2668059745421527
65,mixed,,rest,1.5703268844061367,0.07062510418575413,0.12043413570460258,-0.000122449443736745,0.13851261215256291
66,mixed,,now,-0.05201841637417648,-0.10515105639969793,1.1825023080421906,0.0009949195125863676,-0.1287459579018982
67,mixed,,rest,-3.020796978749955,0.19424654702521707,1.0517456702492867,0.03292530966243397,-0.0877758660628814
68,mixed,,now,-2.4784686220094816,0.06731509523594292,2.29901142226509,0.009945873357349304,0.07219217872554504
69,mixed,,rest,6.2899602188690285,-0.1238984898209882,-2.0799150333141103,-0.012410305274796531,-0.052809498113843674
70,mixed,,now,1.24450438016043,0.1703267253146701,0.6760162047144782,0.025388562496424648,-0.13791802137233847
71,mixed,,rest,6.351651536814655,-0.13533694886292685,1.9512270612020404,-0.015630716110960317,0.05721116777967493
72,mixed,,now,0.16966136723924485,0.08625994090774021,1.2523746067589332,-0.0035533195199086097,-0.011137279598663223
73,mixed,,rest,0.7970390610649001,-0.21750135732727616,-1.2187273996365806,-0.02707344736381903,0.0008750849358420136
74,mixed,,now,7.407189869012296,0.12355153727760065,-1.4423828445457336,-0.011794744930941518,0.1626497939463934
75,mixed,,rest,-1.5813646088575823,-0.2680803375454487,-1.704859253825728,-0.017570940407520885,-0.17023311868173208
76,mixed,,now,2.253169399436103,0.011783811980120091,-2.4810657557075504,-0.008996616545574446,-0.1897201707326376
77,mixed,,rest,-4.028068408370115,-0.2511124860226971,2.911936730446162,-0.005122158678848202,0.09603843069823276
78,mixed,,now,2.895812259981176,-0.06404527764916663,0.8915325654675521,0.00901026465179215,0.03707608682120338
79,mixed,,rest,7.231773763879175,0.04732135033175633,-0.38081752262537444,0.010769407993366521,0.2963272566469019
80,mixed,,now,3.314360000864975,-0.0797166486737283,-1.4312742905922324,-0.015514171427974984,-0.11031655927126317
81,mixed,,rest,1.2883363419471445,0.14099804870982835,-3.7832464559883223,-0.0003111360901639006,-0.18416981377944833
82,mixed,,now,2.2763324390859156,0.15241974875741837,-1.29725352511343,-0.007490386733330946,-0.15860310504732922
83,mixed,,rest,1.3035951161657597,-0.2683269689387834,-1.8759587417188943,-0.011410397281503847,0.20441982598163821
84,mixed,,now,8.00824266870391,0.0033264031671579953,-2.052618741670894,0.0012364411418926678,-0.1448415988065524
85,mixed,,rest,1.53273189226528,-0.18561741788419583,-0.6158122503586994,-0.00023509213124653388,0.08665729965999774
86,mixed,,now,-0.2562949776856418,0.21098143065307307,0.20705460259591507,-0.030230248559816365,0.15400983847235578
87,mixed,,rest,-0.9703780195152001,-0.11162704025699967,2.512807803207833,-0.016560103140922884,0.01211123951822455
88,mixed,,now,-2.376581613293057,0.22540482222419703,-0.6066954760765026,0.00392832462809085,-0.2320474410775349
89,mixed,,rest,4.782446624930165,-0.17825340392623415,1.5174322052768754,0.01856175987479828,0.20538589642005622
90,mixed,,now,6.047042692060527,-0.19512300329033844,0.6699702968365563,0.002299494157918062,0.0699859154973829
91,mixed,,rest,3.6610651282031466,0.018226961376827763,-1.3615320201529493,-0.0016208828028428585,0.2565394056368515
92,mixed,,now,-3.929958227853303,0.013280707696401392,-1.6355011093883527,0.01847965678579196,-0.2747414367604688
93,mixed,,rest,-1.1369548954350537,-0.020699160936010368,0.1948595658295704,0.039353644997390885,0.25919479670020684
94,mixed,,now,-3.432864683138813,0.3599007422260044,-1.9875557097786767,-0.031181508383802337,-0.2497470086898538
95,mixed,,rest,0.6781682353528289,0.0891434310401676,-3.685143120951737,0.007266236517883529,-0.04450869482364615
96,mixed,,now,2.3546317741909224,-0.06410113578521259,1.5001361853868005,0.009405752161412925,-0.1954408322774719
97,mixed,,rest,4.818639984844148,0.03540452139615674,1.216748034243775,0.021029532264149952,-0.16245972205022655
98,mixed,,now,-0.28245736876599037,-0.1369496614574383,-1.5706212203408463,0.004432992436126647,0.05663185125451613
99,mixed,,rest,4.438011645389063,0.23092344031057505,-0.03559717240586719,-0.013951078762367267,0.35798040621140054
100,mixed,,now,-0.35554923978681435,-0.1550258239654509,-0.7061239480220936,0.0046826840968829655,0.1885918698647101
101,mixed,,rest,3.2312774402565485,0.07256920075976,-0.41187621908833016,0.0028030867582770256,-0.05177075586299682
102,mixed,,now,0.23644532495103973,-0.017228717217615243,0.8755421283726252,-0.031377950829814184,-0.057613001364092295
103,mixed,,rest,-0.9710306614998273,-0.18843972354888106,-0.28787445895763175,-0.01755903889996288,-0.11075885703431333
104,mixed,,now,-0.9656066600863776,-0.04219529433138359,-0.9563052630106519,0.018391243671714196,0.033527514420245236
105,mixed,,rest,1.0745047463723096,0.038848792964706336,-1.113442058676902,-0.014720316877357295,0.13993994843865518
106,mixed,,now,-1.176926323886199,-0.2951895787977186,-3.664645171365743,0.003696003068066122,-0.12284620124915357
107,mixed,,rest,-0.2252795111633931,-0.09120902662437472,-0.6790243853485431,-0.0028789603345193066,-0.20790122733186636
108,mixed,,now,-0.06254139758530376,0.1643539310882649,1.1594571219525884,-0.028993743818873097,-0.22360601387882006
109,mixed,,rest,-4.442754611719937,-0.041344802931297914,1.424724654412601,0.005383072333631376,-0.29227380579617557
110,mixed,,now,0.182951780099061,0.1345685985033505,-0.7483566298069941,0.031736328191992305,-0.10857805077698868
111,mixed,,rest,3.9082743737165426,0.3918711461954619,-2.127372660027082,-0.0053947770147107195,0.09578270074872637
112,mixed,,now,-5.961551811230191,0.09434170426433644,0.4746605795390809,-0.007039602093370583,-0.13914207318772445
113,mixed,,rest,-1.7530539484195693,-0.05050894571735093,-2.1164324952898568,0.02625808496565972,-0.1847416828231682
114,mixed,,now,-1.425064522207207,-0.11024684695784571,-0.6887565571054666,0.0015496321117896583,-0.12626617781520705
115,mixed,,rest,-0.7870997051712374,0.28741007154663734,1.7603339110251126,-0.0048004833130407916,0.1511962669587749
116,mixed,,now,-2.5616468939054653,0.03765520663348258,-2.380904130925747,-0.019068644475407508,-0.14442606479022121
117,mixed,,rest,4.125119108559956,0.03844856091955661,0.9129383906251909,0.0025275487907018813,0.06115000713556827
118,mixed,,now,1.3982630635507591,0.12755353145172643,0.2687611324136704,-0.015267247045418068,-0.1318198322200228
119,mixed,,rest,4.047243714158268,0.23530057252634096,0.9322740483854524,-0.027414978577046112,0.2625284299482429
120,mixed,,now,1.0764520004600318,-0.01242033395305927,0.03275814032799619,-0.0062113940824408236,0.29305740286548687
121,mixed,,rest,5.60876889377279,-0.17746964771730162,-0.31632684887777496,0.005056724046353383,0.2126219194174298
122,mixed,,now,-8.098672170366616,0.15510166921898214,2.7797309934505994,-0.0055681672030245735,-0.008585102489902869
123,mixed,,rest,4.144194330223544,0.0611727383335059,-2.243644360740455,-0.019698037527973455,-0.17416746818818474
124,mixed,,now,-4.7745575813982555,-0.0033481037831158203,-0.8902778170670685,0.00044792422142690355,0.11545538714207544
125,mixed,,rest,5.915274139646408,0.03369018542188751,-3.134744922469241,0.022979758899652113,-0.022274515560465405
126,mixed,,now,3.8390390968935324,-0.07773751035401852,0.48094064938031683,-0.002519282036151742,-0.007017090196610045
127,mixed,,rest,4.207063819417984,-0.11211716157325391,0.2459124495847671,0.0033969404873632827,-0.06770314100355859
128,mixed,,now,-7.4065743777095685,0.0553019427326137,-4.76757927496375,-0.02539082395602986,-0.07966171953414357
129,mixed,,rest,1.3755241040481385,0.1410654832935388,1.3535031585737154,0.009676722126492612,-0.06351218662046369
130,mixed,,now,4.003314379079726,-0.04729546318956719,1.8451745795671335,-0.03760168274974906,-0.16197583214277916
131,mixed,,rest,-1.9763511070094169,-0.0030164147967538146,-4.021248187385816,0.013320438005223,0.16268844869112986
132,mixed,,now,2.576973731048639,-0.08886944834023883,2.4024835752663787,-0.00939969221565675,0.14891180457050307
133,mixed,,rest,-0.24750422667979458,-0.005767831073015453,-0.2846933862077065,-0.0006091950603576007,0.18301093659143977
134,mixed,,now,4.754316122906326,0.2357799720989251,1.4907303542285737,0.010894511665066744,0.07285869999030031
135,mixed,,rest,5.821193774586692,-0.07618265976772962,-1.0821813715113424,0.0005493852969554152,-0.2808402425927876
136,mixed,,now,-0.8419941874408675,-0.01233855056346849,-1.7403823801461404,-0.009879613433550668,0.11336177904974101
137,mixed,,rest,-0.8199106433528105,0.010093746513461366,1.6995392959859517,-0.010500842426342942,-0.19339626406037394
138,mixed,,now,-0.18958263276048293,0.0682117870220208,-3.0494578350877437,0.010699235699648339,-0.05494399937138472
139,mixed,,rest,-1.4310800598483944,-0.14614642553411827,-0.3326758427205808,0.01583784866720922,0.08564545835658369
140,mixed,,now,2.6593534637734138,-0.06302155899500783,2.6370531131112114,0.021094291234202662,-0.004954301729283197
141,mixed,,rest,-8.799197950287756,0.008523482290371951,4.579615710225817,-0.0010689009940268908,-0.17170432200510677
142,mixed,,now,5.663671202846807,-0.10394869119230445,0.8124681685554772,0.01265006147800687,-0.24661203791463976
143,mixed,,rest,0.40398358626708836,0.19810493826951983,-0.555732394449368,0.010818187299312896,-0.004472002521486317
144,mixed,,now,3.4168245997702615,0.30803750726261103,-1.8383806843278283,-0.004839813140919708,0.0652613500863976
145,mixed,,rest,-2.117264960180204,-0.13834100849683884,-0.5829439486821334,-0.004550718367424188,-0.10965732758556646
146,mixed,,now,1.0895716276812448,0.13441291773635733,1.2421221006799719,0.01132260906260038,0.1987509948468344
147,mixed,,rest,-4.556093047507089,-0.0194350327471292,0.3150337329831628,0.00876285584816436,-0.26935167518517383
148,mixed,,now,6.269073547166577,-0.14843496143097884,0.44010844584118025,0.012288438535381307,0.18113955491674882
149,mixed,,rest,-2.2880858754542004,-0.09030165563987365,0.6186663260558486,0.009790985262788033,0.15203330789982014
150,mixed,,now,-0.1860876113623193,-0.11564159640544716,-2.224490459436119,0.029107301353171352,-0.22889529724927132
151,mixed,,rest,2.337365765489869,0.04667763981509513,1.2739789499006786,0.015941875591252805,0.22543371304804452
152,mixed,,now,-0.18589189093890662,0.06668805557402671,-3.252363777414551,0.0008127576382777575,-0.15074275633604214
153,mixed,,rest,-0.5008870863552732,0.20690451714080618,0.18451956032742184,0.018253111200662885,-0.032783256147417984
154,mixed,,now,1.3481929327627937,-0.0681660853294758,-4.235580977428145,-0.01181724251225919,-0.043597408351264716
155,mixed,,rest,0.5421062602880694,0.0013349134679282084,-0.20117716421954607,0.015903963040978002,0.10526384182334719
156,mixed,,now,-1.3050238022800729,0.1464237870467833,-3.299260736816244,-0.004596205151641674,-0.023379356496961615
157,mixed,,rest,4.369016006832179,-0.08808344180317387,-2.4397323072777937,0.0030942495498501544,0.28375480778987205
158,mixed,,now,-0.6651479131944937,-0.01480945374778113,-0.3243476440396693,0.0010454992984370074,0.21905179970963132
159,mixed,,rest,6.5844407431310294,0.0805425517731581,-0.15302717398076285,0.031104994098161653,0.01873781377650104
160,mixed,,now,0.26538525154274895,-0.05729685979664293,-0.5019772310528778,0.0042567517588058875,-0.04544590254261222
161,mixed,,rest,1.443842852033048,0.01786132975205664,0.9521691461333958,-0.006096852386318747,-0.03068283054534599
162,mixed,,now,0.8654489241605822,0.014078994486206836,0.1937084024137997,0.01976972116347623,-0.17598144289818365
163,mixed,,rest,-6.417730369856373,0.1235106657886423,-0.37603311173919346,0.022759519151331748,-0.011528012775539127
164,mixed,,now,-3.8433203077075007,0.36827887654954733,0.6941240724052329,-0.0072728344236480036,-0.12266731427895108
165,mixed,,rest,1.9247888051527156,-0.11024879380209293,0.6745756280510119,0.019648723974360557,-0.22910142353207508
166,mixed,,now,-1.14089761814812,0.08219846629184661,2.7903236688862627,0.015720561509819306,-0.07359259983282847
167,mixed,,rest,4.916052855394741,-0.05762494313055042,-0.25006687595177507,0.006498282294212958,-0.18051365533308097
168,mixed,,now,4.0294779897923,0.03836438985303612,-0.9296702352490401,-0.019141911910544138,0.06366183623932242
169,mixed,,rest,2.3478853383885046,-0.06481666053281619,-0.30917816300346646,0.009438842681423877,-0.008571945774111396
170,mixed,,now,-6.154123005460094,0.1124397672368363,0.42006120837103367,0.012300927328400015,-0.12457583919627259
171,mixed,,rest,-7.05778795867006,-0.20677761140950363,0.5086850020619317,0.034759837899348625,0.39325664150849665
172,mixed,,now,1.0316717297392604,-0.24187880313854815,-0.55009964001372,0.007547114734986355,0.07372261458541135
173,mixed,,rest,0.3348454801160788,0.22408715262394088,-1.489309754020066,-0.036011318596475654,-0.1453682614892335
174,mixed,,now,-3.8558650377222925,0.37305656589124525,-0.30179723957907617,-0.023721806848441197,0.10363290176616785
175,mixed,,rest,3.3716739560264264,0.009681641137817696,0.32902177451116016,0.017139738771589526,0.08655670279861596
176,mixed,,now,-2.316800046612399,0.09895106911014745,1.555371098459696,0.00577402791654478,0.14621838350342875
177,mixed,,rest,1.9631461797577696,-0.038706290472451846,-0.237977281646866,0.010292692358540148,-0.09164286465853379
178,mixed,,now,3.8509244132882148,0.20368552257870282,-3.3815387745504064,-0.0011133096473533832,-0.12465956752818497
179,mixed,,rest,-2.1046639913207255,0.02460510783747897,-0.2778600462665588,0.009454721668136686,0.05399511314764929
180,mixed,,now,1.24261492145425,-0.13015396243008792,-0.5771973097873017,0.024343789363186492,-0.412925221797418
181,mixed,,rest,5.731520251754779,-0.09321225142964448,1.9682899678413546,-0.04322446963425993,-0.069540367770063
182,mixed,,now,2.8328175223440124,0.025205975257332886,1.6950002484426534,-0.014561404048991223,-0.09306373121138146
183,mixed,,rest,-2.1760341117799915,0.08478059132986504,0.7726201073473752,-0.0020247012567206823,-0.043819269839328163
184,mixed,,now,-0.9692797797303386,0.014693864088308427,-1.5786508109364374,-0.000929915399467799,-0.0237713355855536
185,mixed,,rest,-1.796012265009214,-0.09480176945501402,2.4639511347361482,-0.01022096399243791,0.06886493331561623
186,mixed,,now,4.563398357403283,0.12357491019069235,0.03537055226454856,0.01691332179621308,-0.23742394902425001
187,mixed,,rest,-4.099302803249576,-0.06590750242919663,-0.3653697264661449,-0.0015767811717438934,0.31345837425945
188,mixed,,now,5.629986869210339,-0.0061864455645822165,0.4267837757952167,-0.015105428406054779,0.05330172162136724
189,mixed,,rest,-4.471639768025906,0.2333859924598764,-0.8637128729792559,0.009305877500799482,-0.21757918634175236
190,mixed,,now,4.640138144879086,0.10201809194007595,3.2672036256717947,0.0011468035904404585,-0.2698790736124309
191,mixed,,rest,-2.612185127112325,-0.20916398798672647,2.63150178452862,-0.010400585663807463,-0.12534809120510795
192,mixed,,now,1.9870139656113555,0.04448725864983484,0.8221876656521286,-0.008357972399080416,-0.3329508075478854
193,mixed,,rest,-4.5291566323396735,-0.3659235118880551,2.135252145936887,0.015178527707421853,-0.06227787090754501
194,mixed,,now,2.081646735755399,0.11233618378382201,1.0616933992076651,0.008882584524455006,0.14749827331862117
195,mixed,,rest,0.2773326913220165,-0.36995907881546153,-4.611913302297319,0.02110220882473653,0.0997515395165487
196,mixed,,now,-8.376970273185076,0.029266231269515667,-1.4631476345970227,-0.009117839007034903,-0.43392889143756086
197,mixed,,rest,2.576806757161045,-0.013896085736056604,1.364078768430254,0.01818216997023217,0.21523824557719798
198,mixed,,now,5.504903711178917,0.04898165470051442,0.3651673511761982,-0.01063083554435115,0.08848237205382237
199,SM,,now,0.0,0.0,0.0,0.0,0.0
200,plane,CHxCHbox,now,-10.0,-0.5,0.0,0.0,0.0
201,plane,CHxCHbox,rest,-10.0,-0.3888888888888889,0.0,0.0,0.0
202,plane,CHxCHbox,now,-10.0,-0.2777777777777778,0.0,0.0,0.0
203,plane,CHxCHbox,rest,-10.0,-0.16666666666666669,0.0,0.0,0.0
204,plane,CHxCHbox,now,-10.0,-0.05555555555555558,0.0,0.0,0.0
205,plane,CHxCHbox,rest,-10.0,0.05555555555555558,0.0,0.0,0.0
206,plane,CHxCHbox,now,-10.0,0.16666666666666663,0.0,0.0,0.0
207,plane,CHxCHbox,rest,-10.0,0.2777777777777777,0.0,0.0,0.0
208,plane,CHxCHbox,now,-10.0,0.38888888888888884,0.0,0.0,0.0
209,plane,CHxCHbox,rest,-10.0,0.5,0.0,0.0,0.0
210,plane,CHxCHbox,now,-7.777777777777778,-0.5,0.0,0.0,0.0
211,plane,CHxCHbox,rest,-7.777777777777778,-0.3888888888888889,0.0,0.0,0.0
212,plane,CHxCHbox,now,-7.777777777777778,-0.2777777777777778,0.0,0.0,0.0
213,plane,CHxCHbox,rest,-7.777777777777778,-0.16666666666666669,0.0,0.0,0.0
214,plane,CHxCHbox,now,-7.777777777777778,-0.05555555555555558,0.0,0.0,0.0
215,plane,CHxCHbox,rest,-7.777777777777778,0.05555555555555558,0.0,0.0,0.0
216,plane,CHxCHbox,now,-7.777777777777778,0.16666666666666663,0.0,0.0,0.0
217,plane,CHxCHbox,rest,-7.777777777777778,0.2777777777777777,0.0,0.0,0.0
218,plane,CHxCHbox,now,-7.777777777777778,0.38888888888888884,0.0,0.0,0.0
219,plane,CHxCHbox,rest,-7.777777777777778,0.5,0.0,0.0,0.0
220,plane,CHxCHbox,now,-5.555555555555555,-0.5,0.0,0.0,0.0
221,plane,CHxCHbox,rest,-5.555555555555555,-0.3888888888888889,0.0,0.0,0.0
222,plane,CHxCHbox,now,-5.555555555555555,-0.2777777777777778,0.0,0.0,0.0
223,plane,CHxCHbox,rest,-5.555555555555555,-0.16666666666666669,0.0,0.0,0.0
224,plane,CHxCHbox,now,-5.555555555555555,-0.05555555555555558,0.0,0.0,0.0
225,plane,CHxCHbox,rest,-5.555555555555555,0.05555555555555558,0.0,0.0,0.0
226,plane,CHxCHbox,now,-5.555555555555555,0.16666666666666663,0.0,0.0,0.0
227,plane,CHxCHbox,rest,-5.555555555555555,0.2777777777777777,0.0,0.0,0.0
228,plane,CHxCHbox,now,-5.555555555555555,0.38888888888888884,0.0,0.0,0.0
229,plane,CHxCHbox,rest,-5.555555555555555,0.5,0.0,0.0,0.0
230,plane,CHxCHbox,now,-3.333333333333333,-0.5,0.0,0.0,0.0
231,plane,CHxCHbox,rest,-3.333333333333333,-0.3888888888888889,0.0,0.0,0.0
232,plane,CHxCHbox,now,-3.333333333333333,-0.2777777777777778,0.0,0.0,0.0
233,plane,CHxCHbox,rest,-3.333333333333333,-0.16666666666666669,0.0,0.0,0.0
234,plane,CHxCHbox,now,-3.333333333333333,-0.05555555555555558,0.0,0.0,0.0
235,plane,CHxCHbox,rest,-3.333333333333333,0.05555555555555558,0.0,0.0,0.0
236,plane,CHxCHbox,now,-3.333333333333333,0.16666666666666663,0.0,0.0,0.0
237,plane,CHxCHbox,rest,-3.333333333333333,0.2777777777777777,0.0,0.0,0.0
238,plane,CHxCHbox,now,-3.333333333333333,0.38888888888888884,0.0,0.0,0.0
239,plane,CHxCHbox,rest,-3.333333333333333,0.5,0.0,0.0,0.0
240,plane,CHxCHbox,now,-1.1111111111111107,-0.5,0.0,0.0,0.0
241,plane,CHxCHbox,rest,-1.1111111111111107,-0.3888888888888889,0.0,0.0,0.0
242,plane,CHxCHbox,now,-1.1111111111111107,-0.2777777777777778,0.0,0.0,0.0
243,plane,CHxCHbox,rest,-1.1111111111111107,-0.16666666666666669,0.0,0.0,0.0
244,plane,CHxCHbox,now,-1.1111111111111107,-0.05555555555555558,0.0,0.0,0.0
245,plane,CHxCHbox,rest,-1.1111111111111107,0.05555555555555558,0.0,0.0,0.0
246,plane,CHxCHbox,now,-1.1111111111111107,0.16666666666666663,0.0,0.0,0.0
247,plane,CHxCHbox,rest,-1.1111111111111107,0.2777777777777777,0.0,0.0,0.0
248,plane,CHxCHbox,now,-1.1111111111111107,0.38888888888888884,0.0,0.0,0.0
249,plane,CHxCHbox,rest,-1.1111111111111107,0.5,0.0,0.0,0.0
250,plane,CHxCHbox,now,1.1111111111111107,-0.5,0.0,0.0,0.0
251,plane,CHxCHbox,rest,1.1111111111111107,-0.3888888888888889,0.0,0.0,0.0
252,plane,CHxCHbox,now,1.1111111111111107,-0.2777777777777778,0.0,0.0,0.0
253,plane,CHxCHbox,rest,1.1111111111111107,-0.16666666666666669,0.0,0.0,0.0
254,plane,CHxCHbox,now,1.1111111111111107,-0.05555555555555558,0.0,0.0,0.0
255,plane,CHxCHbox,rest,1.1111111111111107,0.05555555555555558,0.0,0.0,0.0
256,plane,CHxCHbox,now,1.1111111111111107,0.16666666666666663,0.0,0.0,0.0
257,plane,CHxCHbox,rest,1.1111111111111107,0.2777777777777777,0.0,0.0,0.0
258,plane,CHxCHbox,now,1.1111111111111107,0.38888888888888884,0.0,0.0,0.0
259,plane,CHxCHbox,rest,1.1111111111111107,0.5,0.0,0.0,0.0
260,plane,CHxCHbox,now,3.333333333333334,-0.5,0.0,0.0,0.0
261,plane,CHxCHbox,rest,3.333333333333334,-0.3888888888888889,0.0,0.0,0.0
262,plane,CHxCHbox,now,3.333333333333334,-0.2777777777777778,0.0,0.0,0.0
263,plane,CHxCHbox,rest,3.333333333333334,-0.16666666666666669,0.0,0.0,0.0
264,plane,CHxCHbox,now,3.333333333333334,-0.05555555555555558,0.0,0.0,0.0
265,plane,CHxCHbox,rest,3.333333333333334,0.05555555555555558,0.0,0.0,0.0
266,plane,CHxCHbox,now,3.333333333333334,0.16666666666666663,0.0,0.0,0.0
267,plane,CHxCHbox,rest,3.333333333333334,0.2777777777777777,0.0,0.0,0.0
268,plane,CHxCHbox,now,3.333333333333334,0.38888888888888884,0.0,0.0,0.0
269,plane,CHxCHbox,rest,3.333333333333334,0.5,0.0,0.0,0.0
270,plane,CHxCHbox,now,5.555555555555557,-0.5,0.0,0.0,0.0
271,plane,CHxCHbox,rest,5.555555555555557,-0.3888888888888889,0.0,0.0,0.0
272,plane,CHxCHbox,now,5.555555555555557,-0.2777777777777778,0.0,0.0,0.0
273,plane,CHxCHbox,rest,5.555555555555557,-0.16666666666666669,0.0,0.0,0.0
274,plane,CHxCHbox,now,5.555555555555557,-0.05555555555555558,0.0,0.0,0.0
275,plane,CHxCHbox,rest,5.555555555555557,0.05555555555555558,0.0,0.0,0.0
276,plane,CHxCHbox,now,5.555555555555557,0.16666666666666663,0.0,0.0,0.0
277,plane,CHxCHbox,rest,5.555555555555557,0.2777777777777777,0.0,0.0,0.0
278,plane,CHxCHbox,now,5.555555555555557,0.38888888888888884,0.0,0.0,0.0
279,plane,CHxCHbox,rest,5.555555555555557,0.5,0.0,0.0,0.0
280,plane,CHxCHbox,now,7.777777777777779,-0.5,0.0,0.0,0.0
281,plane,CHxCHbox,rest,7.777777777777779,-0.3888888888888889,0.0,0.0,0.0
282,plane,CHxCHbox,now,7.777777777777779,-0.2777777777777778,0.0,0.0,0.0
283,plane,CHxCHbox,rest,7.777777777777779,-0.16666666666666669,0.0,0.0,0.0
284,plane,CHxCHbox,now,7.777777777777779,-0.05555555555555558,0.0,0.0,0.0
285,plane,CHxCHbox,rest,7.777777777777779,0.05555555555555558,0.0,0.0,0.0
286,plane,CHxCHbox,now,7.777777777777779,0.16666666666666663,0.0,0.0,0.0
287,plane,CHxCHbox,rest,7.777777777777779,0.2777777777777777,0.0,0.0,0.0
288,plane,CHxCHbox,now,7.777777777777779,0.38888888888888884,0.0,0.0,0.0
289,plane,CHxCHbox,rest,7.777777777777779,0.5,0.0,0.0,0.0
290,plane,CHxCHbox,now,10.0,-0.5,0.0,0.0,0.0
291,plane,CHxCHbox,rest,10.0,-0.3888888888888889,0.0,0.0,0.0
292,plane,CHxCHbox,now,10.0,-0.2777777777777778,0.0,0.0,0.0
293,plane,CHxCHbox,rest,10.0,-0.16666666666666669,0.0,0.0,0.0
294,plane,CHxCHbox,now,10.0,-0.05555555555555558,0.0,0.0,0.0
295,plane,CHxCHbox,rest,10.0,0.05555555555555558,0.0,0.0,0.0
296,plane,CHxCHbox,now,10.0,0.16666666666666663,0.0,0.0,0.0
297,plane,CHxCHbox,rest,10.0,0.2777777777777777,0.0,0.0,0.0
298,plane,CHxCHbox,now,10.0,0.38888888888888884,0.0,0.0,0.0
299,plane,CHxCHbox,rest,10.0,0.5,0.0,0.0,0.0
300,plane,CHxCuH,now,-10.0,0.0,-5.0,0.0,0.0
301,plane,CHxCuH,rest,-10.0,0.0,-3.888888888888889,0.0,0.0
302,plane,CHxCuH,now,-10.0,0.0,-2.7777777777777777,0.0,0.0
303,plane,CHxCuH,rest,-10.0,0.0,-1.6666666666666665,0.0,0.0
304,plane,CHxCuH,now,-10.0,0.0,-0.5555555555555554,0.0,0.0
305,plane,CHxCuH,rest,-10.0,0.0,0.5555555555555554,0.0,0.0
306,plane,CHxCuH,now,-10.0,0.0,1.666666666666667,0.0,0.0
307,plane,CHxCuH,rest,-10.0,0.0,2.7777777777777786,0.0,0.0
308,plane,CHxCuH,now,-10.0,0.0,3.8888888888888893,0.0,0.0
309,plane,CHxCuH,rest,-10.0,0.0,5.0,0.0,0.0
310,plane,CHxCuH,now,-7.777777777777778,0.0,-5.0,0.0,0.0
311,plane,CHxCuH,rest,-7.777777777777778,0.0,-3.888888888888889,0.0,0.0
312,plane,CHxCuH,now,-7.777777777777778,0.0,-2.7777777777777777,0.0,0.0
313,plane,CHxCuH,rest,-7.777777777777778,0.0,-1.6666666666666665,0.0,0.0
314,plane,CHxCuH,now,-7.777777777777778,0.0,-0.5555555555555554,0.0,0.0
315,plane,CHxCuH,rest,-7.777777777777778,0.0,0.5555555555555554,0.0,0.0
316,plane,CHxCuH,now,-7.777777777777778,0.0,1.666666666666667,0.0,0.0
317,plane,CHxCuH,rest,-7.777777777777778,0.0,2.7777777777777786,0.0,0.0
318,plane,CHxCuH,now,-7.777777777777778,0.0,3.8888888888888893,0.0,0.0
319,plane,CHxCuH,rest,-7.777777777777778,0.0,5.0,0.0,0.0
320,plane,CHxCuH,now,-5.555555555555555,0.0,-5.0,0.0,0.0
321,plane,CHxCuH,rest,-5.555555555555555,0.0,-3.888888888888889,0.0,0.0
322,plane,CHxCuH,now,-5.555555555555555,0.0,-2.7777777777777777,0.0,0.0
323,plane,CHxCuH,rest,-5.555555555555555,0.0,-1.6666666666666665,0.0,0.0
324,plane,CHxCuH,now,-5.555555555555555,0.0,-0.5555555555555554,0.0,0.0
325,plane,CHxCuH,rest,-5.555555555555555,0.0,0.5555555555555554,0.0,0.0
326,plane,CHxCuH,now,-5.555555555555555,0.0,1.666666666666667,0.0,0.0
327,plane,CHxCuH,rest,-5.555555555555555,0.0,2.7777777777777786,0.0,0.0
328,plane,CHxCuH,now,-5.555555555555555,0.0,3.8888888888888893,0.0,0.0
329,plane,CHxCuH,rest,-5.555555555555555,0.0,5.0,0.0,0.0
330,plane,CHxCuH,now,-3.333333333333333,0.0,-5.0,0.0,0.0
331,plane,CHxCuH,rest,-3.333333333333333,0.0,-3.888888888888889,0.0,0.0
332,plane,CHxCuH,now,-3.333333333333333,0.0,-2.7777777777777777,0.0,0.0
333,plane,CHxCuH,rest,-3.333333333333333,0.0,-1.6666666666666665,0.0,0.0
334,plane,CHxCuH,now,-3.333333333333333,0.0,-0.5555555555555554,0.0,0.0
335,plane,CHxCuH,rest,-3.333333333333333,0.0,0.5555555555555554,0.0,0.0
336,plane,CHxCuH,now,-3.333333333333333,0.0,1.666666666666667,0.0,0.0
337,plane,CHxCuH,rest,-3.333333333333333,0.0,2.7777777777777786,0.0,0.0
338,plane,CHxCuH,now,-3.333333333333333,0.0,3.8888888888888893,0.0,0.0
339,plane,CHxCuH,rest,-3.333333333333333,0.0,5.0,0.0,0.0
340,plane,CHxCuH,now,-1.1111111111111107,0.0,-5.0,0.0,0.0
341,plane,CHxCuH,rest,-1.1111111111111107,0.0,-3.888888888888889,0.0,0.0
342,plane,CHxCuH,now,-1.1111111111111107,0.0,-2.7777777777777777,0.0,0.0
343,plane,CHxCuH,rest,-1.1111111111111107,0.0,-1.6666666666666665,0.0,0.0
344,plane,CHxCuH,now,-1.1111111111111107,0.0,-0.5555555555555554,0.0,0.0
345,plane,CHxCuH,rest,-1.1111111111111107,0.0,0.5555555555555554,0.0,0.0
346,plane,CHxCuH,now,-1.1111111111111107,0.0,1.666666666666667,0.0,0.0
347,plane,CHxCuH,rest,-1.1111111111111107,0.0,2.7777777777777786,0.0,0.0
348,plane,CHxCuH,now,-1.1111111111111107,0.0,3.8888888888888893,0.0,0.0
349,plane,CHxCuH,rest,-1.1111111111111107,0.0,5.0,0.0,0.0
350,plane,CHxCuH,now,1.1111111111111107,0.0,-5.0,0.0,0.0
351,plane,CHxCuH,rest,1.1111111111111107,0.0,-3.888888888888889,0.0,0.0
352,plane,CHxCuH,now,1.1111111111111107,0.0,-2.7777777777777777,0.0,0.0
353,plane,CHxCuH,rest,1.1111111111111107,0.0,-1.6666666666666665,0.0,0.0
354,plane,CHxCuH,now,1.1111111111111107,0.0,-0.5555555555555554,0.0,0.0
355,plane,CHxCuH,rest,1.1111111111111107,0.0,0.5555555555555554,0.0,0.0
356,plane,CHxCuH,now,1.1111111111111107,0.0,1.666666666666667,0.0,0.0
357,plane,CHxCuH,rest,1.1111111111111107,0.0,2.7777777777777786,0.0,0.0
358,plane,CHxCuH,now,1.1111111111111107,0.0,3.8888888888888893,0.0,0.0
359,plane,CHxCuH,rest,1.1111111111111107,0.0,5.0,0.0,0.0
360,plane,CHxCuH,now,3.333333333333334,0.0,-5.0,0.0,0.0
361,plane,CHxCuH,rest,3.333333333333334,0.0,-3.888888888888889,0.0,0.0
362,plane,CHxCuH,now,3.333333333333334,0.0,-2.7777777777777777,0.0,0.0
363,plane,CHxCuH,rest,3.333333333333334,0.0,-1.6666666666666665,0.0,0.0
364,plane,CHxCuH,now,3.333333333333334,0.0,-0.5555555555555554,0.0,0.0
365,plane,CHxCuH,rest,3.333333333333334,0.0,0.5555555555555554,0.0,0.0
366,plane,CHxCuH,now,3.333333333333334,0.0,1.666666666666667,0.0,0.0
367,plane,CHxCuH,rest,3.333333333333334,0.0,2.7777777777777786,0.0,0.0
368,plane,CHxCuH,now,3.333333333333334,0.0,3.8888888888888893,0.0,0.0
369,plane,CHxCuH,rest,3.333333333333334,0.0,5.0,0.0,0.0
370,plane,CHxCuH,now,5.555555555555557,0.0,-5.0,0.0,0.0
371,plane,CHxCuH,rest,5.555555555555557,0.0,-3.888888888888889,0.0,0.0
372,plane,CHxCuH,now,5.555555555555557,0.0,-2.7777777777777777,0.0,0.0
373,plane,CHxCuH,rest,5.555555555555557,0.0,-1.6666666666666665,0.0,0.0
374,plane,CHxCuH,now,5.555555555555557,0.0,-0.5555555555555554,0.0,0.0
375,plane,CHxCuH,rest,5.555555555555557,0.0,0.5555555555555554,0.0,0.0
376,plane,CHxCuH,now,5.555555555555557,0.0,1.666666666666667,0.0,0.0
377,plane,CHxCuH,rest,5.555555555555557,0.0,2.7777777777777786,0.0,0.0
378,plane,CHxCuH,now,5.555555555555557,0.0,3.8888888888888893,0.0,0.0
379,plane,CHxCuH,rest,5.555555555555557,0.0,5.0,0.0,0.0
380,plane,CHxCuH,now,7.777777777777779,0.0,-5.0,0.0,0.0
381,plane,CHxCuH,rest,7.777777777777779,0.0,-3.888888888888889,0.0,0.0
382,plane,CHxCuH,now,7.777777777777779,0.0,-2.7777777777777777,0.0,0.0
383,plane,CHxCuH,rest,7.777777777777779,0.0,-1.6666666666666665,0.0,0.0
384,plane,CHxCuH,now,7.777777777777779,0.0,-0.5555555555555554,0.0,0.0
385,plane,CHxCuH,rest,7.777777777777779,0.0,0.5555555555555554,0.0,0.0
386,plane,CHxCuH,now,7.777777777777779,0.0,1.666666666666667,0.0,0.0
387,plane,CHxCuH,rest,7.777777777777779,0.0,2.7777777777777786,0.0,0.0
388,plane,CHxCuH,now,7.777777777777779,0.0,3.8888888888888893,0.0,0.0
389,plane,CHxCuH,rest,7.777777777777779,0.0,5.0,0.0,0.0
390,plane,CHxCuH,now,10.0,0.0,-5.0,0.0,0.0
391,plane,CHxCuH,rest,10.0,0.0,-3.888888888888889,0.0,0.0
392,plane,CHxCuH,now,10.0,0.0,-2.7777777777777777,0.0,0.0
393,plane,CHxCuH,rest,10.0,0.0,-1.6666666666666665,0.0,0.0
394,plane,CHxCuH,now,10.0,0.0,-0.5555555555555554,0.0,0.0
395,plane,CHxCuH,rest,10.0,0.0,0.5555555555555554,0.0,0.0
396,plane,CHxCuH,now,10.0,0.0,1.666666666666667,0.0,0.0
397,plane,CHxCuH,rest,10.0,0.0,2.7777777777777786,0.0,0.0
398,plane,CHxCuH,now,10.0,0.0,3.8888888888888893,0.0,0.0
399,plane,CHxCuH,rest,10.0,0.0,5.0,0.0,0.0
400,plane,CHxCHG,now,-10.0,0.0,0.0,-0.05,0.0
401,plane,CHxCHG,rest,-10.0,0.0,0.0,-0.03888888888888889,0.0
402,plane,CHxCHG,now,-10.0,0.0,0.0,-0.02777777777777778,0.0
403,plane,CHxCHG,rest,-10.0,0.0,0.0,-0.01666666666666667,0.0
404,plane,CHxCHG,now,-10.0,0.0,0.0,-0.005555555555555557,0.0
405,plane,CHxCHG,rest,-10.0,0.0,0.0,0.005555555555555557,0.0
406,plane,CHxCHG,now,-10.0,0.0,0.0,0.016666666666666663,0.0
407,plane,CHxCHG,rest,-10.0,0.0,0.0,0.027777777777777776,0.0
408,plane,CHxCHG,now,-10.0,0.0,0.0,0.03888888888888889,0.0
409,plane,CHxCHG,rest,-10.0,0.0,0.0,0.05,0.0
410,plane,CHxCHG,now,-7.777777777777778,0.0,0.0,-0.05,0.0
411,plane,CHxCHG,rest,-7.777777777777778,0.0,0.0,-0.03888888888888889,0.0
412,plane,CHxCHG,now,-7.777777777777778,0.0,0.0,-0.02777777777777778,0.0
413,plane,CHxCHG,rest,-7.777777777777778,0.0,0.0,-0.01666666666666667,0.0
414,plane,CHxCHG,now,-7.777777777777778,0.0,0.0,-0.005555555555555557,0.0
415,plane,CHxCHG,rest,-7.777777777777778,0.0,0.0,0.005555555555555557,0.0
416,plane,CHxCHG,now,-7.777777777777778,0.0,0.0,0.016666666666666663,0.0
417,plane,CHxCHG,rest,-7.777777777777778,0.0,0.0,0.027777777777777776,0.0
418,plane,CHxCHG,now,-7.777777777777778,0.0,0.0,0.03888888888888889,0.0
419,plane,CHxCHG,rest,-7.777777777777778,0.0,0.0,0.05,0.0
420,plane,CHxCHG,now,-5.555555555555555,0.0,0.0,-0.05,0.0
421,plane,CHxCHG,rest,-5.555555555555555,0.0,0.0,-0.03888888888888889,0.0
422,plane,CHxCHG,now,-5.555555555555555,0.0,0.0,-0.02777777777777778,0.0
423,plane,CHxCHG,rest,-5.555555555555555,0.0,0.0,-0.01666666666666667,0.0
424,plane,CHxCHG,now,-5.555555555555555,0.0,0.0,-0.005555555555555557,0.0
425,plane,CHxCHG,rest,-5.555555555555555,0.0,0.0,0.005555555555555557,0.0
426,plane,CHxCHG,now,-5.555555555555555,0.0,0.0,0.016666666666666663,0.0
427,plane,CHxCHG,rest,-5.555555555555555,0.0,0.0,0.027777777777777776,0.0
428,plane,CHxCHG,now,-5.555555555555555,0.0,0.0,0.03888888888888889,0.0
429,plane,CHxCHG,rest,-5.555555555555555,0.0,0.0,0.05,0.0
430,plane,CHxCHG,now,-3.333333333333333,0.0,0.0,-0.05,0.0
431,plane,CHxCHG,rest,-3.333333333333333,0.0,0.0,-0.03888888888888889,0.0
432,plane,CHxCHG,now,-3.333333333333333,0.0,0.0,-0.02777777777777778,0.0
433,plane,CHxCHG,rest,-3.333333333333333,0.0,0.0,-0.01666666666666667,0.0
434,plane,CHxCHG,now,-3.333333333333333,0.0,0.0,-0.005555555555555557,0.0
435,plane,CHxCHG,rest,-3.333333333333333,0.0,0.0,0.005555555555555557,0.0
436,plane,CHxCHG,now,-3.333333333333333,0.0,0.0,0.016666666666666663,0.0
437,plane,CHxCHG,rest,-3.333333333333333,0.0,0.0,0.027777777777777776,0.0
438,plane,CHxCHG,now,-3.333333333333333,0.0,0.0,0.03888888888888889,0.0
439,plane,CHxCHG,rest,-3.333333333333333,0.0,0.0,0.05,0.0
440,plane,CHxCHG,now,-1.1111111111111107,0.0,0.0,-0.05,0.0
441,plane,CHxCHG,rest,-1.1111111111111107,0.0,0.0,-0.03888888888888889,0.0
442,plane,CHxCHG,now,-1.1111111111111107,0.0,0.0,-0.02777777777777778,0.0
443,plane,CHxCHG,rest,-1.1111111111111107,0.0,0.0,-0.01666666666666667,0.0
444,plane,CHxCHG,now,-1.1111111111111107,0.0,0.0,-0.005555555555555557,0.0
445,plane,CHxCHG,rest,-1.1111111111111107,0.0,0.0,0.005555555555555557,0.0
446,plane,CHxCHG,now,-1.1111111111111107,0.0,0.0,0.016666666666666663,0.0
447,plane,CHxCHG,rest,-1.1111111111111107,0.0,0.0,0.027777777777777776,0.0
448,plane,CHxCHG,now,-1.1111111111111107,0.0,0.0,0.03888888888888889,0.0
449,plane,CHxCHG,rest,-1.1111111111111107,0.0,0.0,0.05,0.0
450,plane,CHxCHG,now,1.1111111111111107,0.0,0.0,-0.05,0.0
451,plane,CHxCHG,rest,1.1111111111111107,0.0,0.0,-0.03888888888888889,0.0
452,plane,CHxCHG,now,1.1111111111111107,0.0,0.0,-0.02777777777777778,0.0
453,plane,CHxCHG,rest,1.1111111111111107,0.0,0.0,-0.01666666666666667,0.0
454,plane,CHxCHG,now,1.1111111111111107,0.0,0.0,-0.005555555555555557,0.0
455,plane,CHxCHG,rest,1.1111111111111107,0.0,0.0,0.005555555555555557,0.0
456,plane,CHxCHG,now,1.1111111111111107,0.0,0.0,0.016666666666666663,0.0
457,plane,CHxCHG,rest,1.1111111111111107,0.0,0.0,0.027777777777777776,0.0
458,plane,CHxCHG,now,1.1111111111111107,0.0,0.0,0.03888888888888889,0.0
459,plane,CHxCHG,rest,1.1111111111111107,0.0,0.0,0.05,0.0
460,plane,CHxCHG,now,3.333333333333334,0.0,0.0,-0.05,0.0
461,plane,CHxCHG,rest,3.333333333333334,0.0,0.0,-0.03888888888888889,0.0
462,plane,CHxCHG,now,3.333333333333334,0.0,0.0,-0.02777777777777778,0.0
463,plane,CHxCHG,rest,3.333333333333334,0.0,0.0,-0.01666666666666667,0.0
464,plane,CHxCHG,now,3.333333333333334,0.0,0.0,-0.005555555555555557,0.0
465,plane,CHxCHG,rest,3.333333333333334,0.0,0.0,0.005555555555555557,0.0
466,plane,CHxCHG,now,3.333333333333334,0.0,0.0,0.016666666666666663,0.0
467,plane,CHxCHG,rest,3.333333333333334,0.0,0.0,0.027777777777777776,0.0
468,plane,CHxCHG,now,3.333333333333334,0.0,0.0,0.03888888888888889,0.0
469,plane,CHxCHG,rest,3.333333333333334,0.0,0.0,0.05,0.0
470,plane,CHxCHG,now,5.555555555555557,0.0,0.0,-0.05,0.0
471,plane,CHxCHG,rest,5.555555555555557,0.0,0.0,-0.03888888888888889,0.0
472,plane,CHxCHG,now,5.555555555555557,0.0,0.0,-0.02777777777777778,0.0
473,plane,CHxCHG,rest,5.555555555555557,0.0,0.0,-0.01666666666666667,0.0
474,plane,CHxCHG,now,5.555555555555557,0.0,0.0,-0.005555555555555557,0.0
475,plane,CHxCHG,rest,5.555555555555557,0.0,0.0,0.005555555555555557,0.0
476,plane,CHxCHG,now,5.555555555555557,0.0,0.0,0.016666666666666663,0.0
477,plane,CHxCHG,rest,5.555555555555557,0.0,0.0,0.027777777777777776,0.0
478,plane,CHxCHG,now,5.555555555555557,0.0,0.0,0.03888888888888889,0.0
479,plane,CHxCHG,rest,5.555555555555557,0.0,0.0,0.05,0.0
480,plane,CHxCHG,now,7.777777777777779,0.0,0.0,-0.05,0.0
481,plane,CHxCHG,rest,7.777777777777779,0.0,0.0,-0.03888888888888889,0.0
482,plane,CHxCHG,now,7.777777777777779,0.0,0.0,-0.02777777777777778,0.0
483,plane,CHxCHG,rest,7.777777777777779,0.0,0.0,-0.01666666666666667,0.0
484,plane,CHxCHG,now,7.777777777777779,0.0,0.0,-0.005555555555555557,0.0
485,plane,CHxCHG,rest,7.777777777777779,0.0,0.0,0.005555555555555557,0.0
486,plane,CHxCHG,now,7.777777777777779,0.0,0.0,0.016666666666666663,0.0
487,plane,CHxCHG,rest,7.777777777777779,0.0,0.0,0.027777777777777776,0.0
488,plane,CHxCHG,now,7.777777777777779,0.0,0.0,0.03888888888888889,0.0
489,plane,CHxCHG,rest,7.777777777777779,0.0,0.0,0.05,0.0
490,plane,CHxCHG,now,10.0,0.0,0.0,-0.05,0.0
491,plane,CHxCHG,rest,10.0,0.0,0.0,-0.03888888888888889,0.0
492,plane,CHxCHG,now,10.0,0.0,0.0,-0.02777777777777778,0.0
493,plane,CHxCHG,rest,10.0,0.0,0.0,-0.01666666666666667,0.0
494,plane,CHxCHG,now,10.0,0.0,0.0,-0.005555555555555557,0.0
495,plane,CHxCHG,rest,10.0,0.0,0.0,0.005555555555555557,0.0
496,plane,CHxCHG,now,10.0,0.0,0.0,0.016666666666666663,0.0
497,plane,CHxCHG,rest,10.0,0.0,0.0,0.027777777777777776,0.0
498,plane,CHxCHG,now,10.0,0.0,0.0,0.03888888888888889,0.0
499,plane,CHxCHG,rest,10.0,0.0,0.0,0.05,0.0
500,plane,CHxCtG,now,-10.0,0.0,0.0,0.0,-0.5
501,plane,CHxCtG,rest,-10.0,0.0,0.0,0.0,-0.25
502,axis,CH,now,-10.0,0.0,0.0,0.0,0.0
503,plane,CHxCtG,now,-10.0,0.0,0.0,0.0,0.25
504,plane,CHxCtG,rest,-10.0,0.0,0.0,0.0,0.5
505,plane,CHxCtG,now,-7.777777777777778,0.0,0.0,0.0,-0.5
506,plane,CHxCtG,rest,-7.777777777777778,0.0,0.0,0.0,-0.25
507,axis,CH,now,-7.777777777777778,0.0,0.0,0.0,0.0
508,plane,CHxCtG,now,-7.777777777777778,0.0,0.0,0.0,0.25
509,plane,CHxCtG,rest,-7.777777777777778,0.0,0.0,0.0,0.5
510,plane,CHxCtG,now,-5.555555555555555,0.0,0.0,0.0,-0.5
511,plane,CHxCtG,rest,-5.555555555555555,0.0,0.0,0.0,-0.25
512,axis,CH,now,-5.555555555555555,0.0,0.0,0.0,0.0
513,plane,CHxCtG,now,-5.555555555555555,0.0,0.0,0.0,0.25
514,plane,CHxCtG,rest,-5.555555555555555,0.0,0.0,0.0,0.5
515,plane,CHxCtG,now,-3.333333333333333,0.0,0.0,0.0,-0.5
516,plane,CHxCtG,rest,-3.333333333333333,0.0,0.0,0.0,-0.25
517,axis,CH,now,-3.333333333333333,0.0,0.0,0.0,0.0
518,plane,CHxCtG,now,-3.333333333333333,0.0,0.0,0.0,0.25
519,plane,CHxCtG,rest,-3.333333333333333,0.0,0.0,0.0,0.5
520,plane,CHxCtG,now,-1.1111111111111107,0.0,0.0,0.0,-0.5
521,plane,CHxCtG,rest,-1.1111111111111107,0.0,0.0,0.0,-0.25
522,axis,CH,now,-1.1111111111111107,0.0,0.0,0.0,0.0
523,plane,CHxCtG,now,-1.1111111111111107,0.0,0.0,0.0,0.25
524,plane,CHxCtG,rest,-1.1111111111111107,0.0,0.0,0.0,0.5
525,plane,CHxCtG,now,1.1111111111111107,0.0,0.0,0.0,-0.5
526,plane,CHxCtG,rest,1.1111111111111107,0.0,0.0,0.0,-0.25
527,axis,CH,now,1.1111111111111107,0.0,0.0,0.0,0.0
528,plane,CHxCtG,now,1.1111111111111107,0.0,0.0,0.0,0.25
529,plane,CHxCtG,rest,1.1111111111111107,0.0,0.0,0.0,0.5
530,plane,CHxCtG,now,3.333333333333334,0.0,0.0,0.0,-0.5
531,plane,CHxCtG,rest,3.333333333333334,0.0,0.0,0.0,-0.25
532,axis,CH,now,3.333333333333334,0.0,0.0,0.0,0.0
533,plane,CHxCtG,now,3.333333333333334,0.0,0.0,0.0,0.25
534,plane,CHxCtG,rest,3.333333333333334,0.0,0.0,0.0,0.5
535,plane,CHxCtG,now,5.555555555555557,0.0,0.0,0.0,-0.5
536,plane,CHxCtG,rest,5.555555555555557,0.0,0.0,0.0,-0.25
537,axis,CH,now,5.555555555555557,0.0,0.0,0.0,0.0
538,plane,CHxCtG,now,5.555555555555557,0.0,0.0,0.0,0.25
539,plane,CHxCtG,rest,5.555555555555557,0.0,0.0,0.0,0.5
540,plane,CHxCtG,now,7.777777777777779,0.0,0.0,0.0,-0.5
541,plane,CHxCtG,rest,7.777777777777779,0.0,0.0,0.0,-0.25
542,axis,CH,now,7.777777777777779,0.0,0.0,0.0,0.0
543,plane,CHxCtG,now,7.777777777777779,0.0,0.0,0.0,0.25
544,plane,CHxCtG,rest,7.777777777777779,0.0,0.0,0.0,0.5
545,plane,CHxCtG,now,10.0,0.0,0.0,0.0,-0.5
546,plane,CHxCtG,rest,10.0,0.0,0.0,0.0,-0.25
547,axis,CH,now,10.0,0.0,0.0,0.0,0.0
548,plane,CHxCtG,now,10.0,0.0,0.0,0.0,0.25
549,plane,CHxCtG,rest,10.0,0.0,0.0,0.0,0.5
550,plane,CHboxxCuH,now,0.0,-0.5,-5.0,0.0,0.0
551,plane,CHboxxCuH,rest,0.0,-0.5,-3.888888888888889,0.0,0.0
552,plane,CHboxxCuH,now,0.0,-0.5,-2.7777777777777777,0.0,0.0
553,plane,CHboxxCuH,rest,0.0,-0.5,-1.6666666666666665,0.0,0.0
554,plane,CHboxxCuH,now,0.0,-0.5,-0.5555555555555554,0.0,0.0
555,plane,CHboxxCuH,rest,0.0,-0.5,0.5555555555555554,0.0,0.0
556,plane,CHboxxCuH,now,0.0,-0.5,1.666666666666667,0.0,0.0
557,plane,CHboxxCuH,rest,0.0,-0.5,2.7777777777777786,0.0,0.0
558,plane,CHboxxCuH,now,0.0,-0.5,3.8888888888888893,0.0,0.0
559,plane,CHboxxCuH,rest,0.0,-0.5,5.0,0.0,0.0
560,plane,CHboxxCuH,now,0.0,-0.3888888888888889,-5.0,0.0,0.0
561,plane,CHboxxCuH,rest,0.0,-0.3888888888888889,-3.888888888888889,0.0,0.0
562,plane,CHboxxCuH,now,0.0,-0.3888888888888889,-2.7777777777777777,0.0,0.0
563,plane,CHboxxCuH,rest,0.0,-0.3888888888888889,-1.6666666666666665,0.0,0.0
564,plane,CHboxxCuH,now,0.0,-0.3888888888888889,-0.5555555555555554,0.0,0.0
565,plane,CHboxxCuH,rest,0.0,-0.3888888888888889,0.5555555555555554,0.0,0.0
566,plane,CHboxxCuH,now,0.0,-0.3888888888888889,1.666666666666667,0.0,0.0
567,plane,CHboxxCuH,rest,0.0,-0.3888888888888889,2.7777777777777786,0.0,0.0
568,plane,CHboxxCuH,now,0.0,-0.3888888888888889,3.8888888888888893,0.0,0.0
569,plane,CHboxxCuH,rest,0.0,-0.3888888888888889,5.0,0.0,0.0
570,plane,CHboxxCuH,now,0.0,-0.2777777777777778,-5.0,0.0,0.0
571,plane,CHboxxCuH,rest,0.0,-0.2777777777777778,-3.888888888888889,0.0,0.0
572,plane,CHboxxCuH,now,0.0,-0.2777777777777778,-2.7777777777777777,0.0,0.0
573,plane,CHboxxCuH,rest,0.0,-0.2777777777777778,-1.6666666666666665,0.0,0.0
574,plane,CHboxxCuH,now,0.0,-0.2777777777777778,-0.5555555555555554,0.0,0.0
575,plane,CHboxxCuH,rest,0.0,-0.2777777777777778,0.5555555555555554,0.0,0.0
576,plane,CHboxxCuH,now,0.0,-0.2777777777777778,1.666666666666667,0.0,0.0
577,plane,CHboxxCuH,rest,0.0,-0.2777777777777778,2.7777777777777786,0.0,0.0
578,plane,CHboxxCuH,now,0.0,-0.2777777777777778,3.8888888888888893,0.0,0.0
579,plane,CHboxxCuH,rest,0.0,-0.2777777777777778,5.0,0.0,0.0
580,plane,CHboxxCuH,now,0.0,-0.16666666666666669,-5.0,0.0,0.0
581,plane,CHboxxCuH,rest,0.0,-0.16666666666666669,-3.888888888888889,0.0,0.0
582,plane,CHboxxCuH,now,0.0,-0.16666666666666669,-2.7777777777777777,0.0,0.0
583,plane,CHboxxCuH,rest,0.0,-0.16666666666666669,-1.6666666666666665,0.0,0.0
584,plane,CHboxxCuH,now,0.0,-0.16666666666666669,-0.5555555555555554,0.0,0.0
585,plane,CHboxxCuH,rest,0.0,-0.16666666666666669,0.5555555555555554,0.0,0.0
586,plane,CHboxxCuH,now,0.0,-0.16666666666666669,1.666666666666667,0.0,0.0
587,plane,CHboxxCuH,rest,0.0,-0.16666666666666669,2.7777777777777786,0.0,0.0
588,plane,CHboxxCuH,now,0.0,-0.16666666666666669,3.8888888888888893,0.0,0.0
589,plane,CHboxxCuH,rest,0.0,-0.16666666666666669,5.0,0.0,0.0
590,plane,CHboxxCuH,now,0.0,-0.05555555555555558,-5.0,0.0,0.0
591,plane,CHboxxCuH,rest,0.0,-0.05555555555555558,-3.888888888888889,0.0,0.0
592,plane,CHboxxCuH,now,0.0,-0.05555555555555558,-2.7777777777777777,0.0,0.0
593,plane,CHboxxCuH,rest,0.0,-0.05555555555555558,-1.6666666666666665,0.0,0.0
594,plane,CHboxxCuH,now,0.0,-0.05555555555555558,-0.5555555555555554,0.0,0.0
595,plane,CHboxxCuH,rest,0.0,-0.05555555555555558,0.5555555555555554,0.0,0.0
596,plane,CHboxxCuH,now,0.0,-0.05555555555555558,1.666666666666667,0.0,0.0
597,plane,CHboxxCuH,rest,0.0,-0.05555555555555558,2.7777777777777786,0.0,0.0
598,plane,CHboxxCuH,now,0.0,-0.05555555555555558,3.8888888888888893,0.0,0.0
599,plane,CHboxxCuH,rest,0.0,-0.05555555555555558,5.0,0.0,0.0
600,plane,CHboxxCuH,now,0.0,0.05555555555555558,-5.0,0.0,0.0
601,plane,CHboxxCuH,rest,0.0,0.05555555555555558,-3.888888888888889,0.0,0.0
602,plane,CHboxxCuH,now,0.0,0.05555555555555558,-2.7777777777777777,0.0,0.0
603,plane,CHboxxCuH,rest,0.0,0.05555555555555558,-1.6666666666666665,0.0,0.0
604,plane,CHboxxCuH,now,0.0,0.05555555555555558,-0.5555555555555554,0.0,0.0
605,plane,CHboxxCuH,rest,0.0,0.05555555555555558,0.5555555555555554,0.0,0.0
606,plane,CHboxxCuH,now,0.0,0.05555555555555558,1.666666666666667,0.0,0.0
607,plane,CHboxxCuH,rest,0.0,0.05555555555555558,2.7777777777777786,0.0,0.0
608,plane,CHboxxCuH,now,0.0,0.05555555555555558,3.8888888888888893,0.0,0.0
609,plane,CHboxxCuH,rest,0.0,0.05555555555555558,5.0,0.0,0.0
610,plane,CHboxxCuH,now,0.0,0.16666666666666663,-5.0,0.0,0.0
611,plane,CHboxxCuH,rest,0.0,0.16666666666666663,-3.888888888888889,0.0,0.0
612,plane,CHboxxCuH,now,0.0,0.16666666666666663,-2.7777777777777777,0.0,0.0
613,plane,CHboxxCuH,rest,0.0,0.16666666666666663,-1.6666666666666665,0.0,0.0
614,plane,CHboxxCuH,now,0.0,0.16666666666666663,-0.5555555555555554,0.0,0.0
615,plane,CHboxxCuH,rest,0.0,0.16666666666666663,0.5555555555555554,0.0,0.0
616,plane,CHboxxCuH,now,0.0,0.16666666666666663,1.666666666666667,0.0,0.0
617,plane,CHboxxCuH,rest,0.0,0.16666666666666663,2.7777777777777786,0.0,0.0
618,plane,CHboxxCuH,now,0.0,0.16666666666666663,3.8888888888888893,0.0,0.0
619,plane,CHboxxCuH,rest,0.0,0.16666666666666663,5.0,0.0,0.0
620,plane,CHboxxCuH,now,0.0,0.2777777777777777,-5.0,0.0,0.0
621,plane,CHboxxCuH,rest,0.0,0.2777777777777777,-3.888888888888889,0.0,0.0
622,plane,CHboxxCuH,now,0.0,0.2777777777777777,-2.7777777777777777,0.0,0.0
623,plane,CHboxxCuH,rest,0.0,0.2777777777777777,-1.6666666666666665,0.0,0.0
624,plane,CHboxxCuH,now,0.0,0.2777777777777777,-0.5555555555555554,0.0,0.0
625,plane,CHboxxCuH,rest,0.0,0.2777777777777777,0.5555555555555554,0.0,0.0
626,plane,CHboxxCuH,now,0.0,0.2777777777777777,1.666666666666667,0.0,0.0
627,plane,CHboxxCuH,rest,0.0,0.2777777777777777,2.7777777777777786,0.0,0.0
628,plane,CHboxxCuH,now,0.0,0.2777777777777777,3.8888888888888893,0.0,0.0
629,plane,CHboxxCuH,rest,0.0,0.2777777777777777,5.0,0.0,0.0
630,plane,CHboxxCuH,now,0.0,0.38888888888888884,-5.0,0.0,0.0
631,plane,CHboxxCuH,rest,0.0,0.38888888888888884,-3.888888888888889,0.0,0.0
632,plane,CHboxxCuH,now,0.0,0.38888888888888884,-2.7777777777777777,0.0,0.0
633,plane,CHboxxCuH,rest,0.0,0.38888888888888884,-1.6666666666666665,0.0,0.0
634,plane,CHboxxCuH,now,0.0,0.38888888888888884,-0.5555555555555554,0.0,0.0
635,plane,CHboxxCuH,rest,0.0,0.38888888888888884,0.5555555555555554,0.0,0.0
636,plane,CHboxxCuH,now,0.0,0.38888888888888884,1.666666666666667,0.0,0.0
637,plane,CHboxxCuH,rest,0.0,0.38888888888888884,2.7777777777777786,0.0,0.0
638,plane,CHboxxCuH,now,0.0,0.38888888888888884,3.8888888888888893,0.0,0.0
639,plane,CHboxxCuH,rest,0.0,0.38888888888888884,5.0,0.0,0.0
640,plane,CHboxxCuH,now,0.0,0.5,-5.0,0.0,0.0
641,plane,CHboxxCuH,rest,0.0,0.5,-3.888888888888889,0.0,0.0
642,plane,CHboxxCuH,now,0.0,0.5,-2.7777777777777777,0.0,0.0
643,plane,CHboxxCuH,rest,0.0,0.5,-1.6666666666666665,0.0,0.0
644,plane,CHboxxCuH,now,0.0,0.5,-0.5555555555555554,0.0,0.0
645,plane,CHboxxCuH,rest,0.0,0.5,0.5555555555555554,0.0,0.0
646,plane,CHboxxCuH,now,0.0,0.5,1.666666666666667,0.0,0.0
647,plane,CHboxxCuH,rest,0.0,0.5,2.7777777777777786,0.0,0.0
648,plane,CHboxxCuH,now,0.0,0.5,3.8888888888888893,0.0,0.0
649,plane,CHboxxCuH,rest,0.0,0.5,5.0,0.0,0.0
650,plane,CHGxCHbox,now,0.0,-0.5,0.0,-0.05,0.0
651,plane,CHGxCHbox,rest,0.0,-0.5,0.0,-0.03888888888888889,0.0
652,plane,CHGxCHbox,now,0.0,-0.5,0.0,-0.02777777777777778,0.0
653,plane,CHGxCHbox,rest,0.0,-0.5,0.0,-0.01666666666666667,0.0
654,plane,CHGxCHbox,now,0.0,-0.5,0.0,-0.005555555555555557,0.0
655,plane,CHGxCHbox,rest,0.0,-0.5,0.0,0.005555555555555557,0.0
656,plane,CHGxCHbox,now,0.0,-0.5,0.0,0.016666666666666663,0.0
657,plane,CHGxCHbox,rest,0.0,-0.5,0.0,0.027777777777777776,0.0
658,plane,CHGxCHbox,now,0.0,-0.5,0.0,0.03888888888888889,0.0
659,plane,CHGxCHbox,rest,0.0,-0.5,0.0,0.05,0.0
660,plane,CHGxCHbox,now,0.0,-0.3888888888888889,0.0,-0.05,0.0
661,plane,CHGxCHbox,rest,0.0,-0.3888888888888889,0.0,-0.03888888888888889,0.0
662,plane,CHGxCHbox,now,0.0,-0.3888888888888889,0.0,-0.02777777777777778,0.0
663,plane,CHGxCHbox,rest,0.0,-0.3888888888888889,0.0,-0.01666666666666667,0.0
664,plane,CHGxCHbox,now,0.0,-0.3888888888888889,0.0,-0.005555555555555557,0.0
665,plane,CHGxCHbox,rest,0.0,-0.3888888888888889,0.0,0.005555555555555557,0.0
666,plane,CHGxCHbox,now,0.0,-0.3888888888888889,0.0,0.016666666666666663,0.0
667,plane,CHGxCHbox,rest,0.0,-0.3888888888888889,0.0,0.027777777777777776,0.0
668,plane,CHGxCHbox,now,0.0,-0.3888888888888889,0.0,0.03888888888888889,0.0
669,plane,CHGxCHbox,rest,0.0,-0.3888888888888889,0.0,0.05,0.0
670,plane,CHGxCHbox,now,0.0,-0.2777777777777778,0.0,-0.05,0.0
671,plane,CHGxCHbox,rest,0.0,-0.2777777777777778,0.0,-0.03888888888888889,0.0
672,plane,CHGxCHbox,now,0.0,-0.2777777777777778,0.0,-0.02777777777777778,0.0
673,plane,CHGxCHbox,rest,0.0,-0.2777777777777778,0.0,-0.01666666666666667,0.0
674,plane,CHGxCHbox,now,0.0,-0.2777777777777778,0.0,-0.005555555555555557,0.0
675,plane,CHGxCHbox,rest,0.0,-0.2777777777777778,0.0,0.005555555555555557,0.0
676,plane,CHGxCHbox,now,0.0,-0.2777777777777778,0.0,0.016666666666666663,0.0
677,plane,CHGxCHbox,rest,0.0,-0.2777777777777778,0.0,0.027777777777777776,0.0
678,plane,CHGxCHbox,now,0.0,-0.2777777777777778,0.0,0.03888888888888889,0.0
679,plane,CHGxCHbox,rest,0.0,-0.2777777777777778,0.0,0.05,0.0
680,plane,CHGxCHbox,now,0.0,-0.16666666666666669,0.0,-0.05,0.0
681,plane,CHGxCHbox,rest,0.0,-0.16666666666666669,0.0,-0.03888888888888889,0.0
682,plane,CHGxCHbox,now,0.0,-0.16666666666666669,0.0,-0.02777777777777778,0.0
683,plane,CHGxCHbox,rest,0.0,-0.16666666666666669,0.0,-0.01666666666666667,0.0
684,plane,CHGxCHbox,now,0.0,-0.16666666666666669,0.0,-0.005555555555555557,0.0
685,plane,CHGxCHbox,rest,0.0,-0.16666666666666669,0.0,0.005555555555555557,0.0
686,plane,CHGxCHbox,now,0.0,-0.16666666666666669,0.0,0.016666666666666663,0.0
687,plane,CHGxCHbox,rest,0.0,-0.16666666666666669,0.0,0.027777777777777776,0.0
688,plane,CHGxCHbox,now,0.0,-0.16666666666666669,0.0,0.03888888888888889,0.0
689,plane,CHGxCHbox,rest,0.0,-0.16666666666666669,0.0,0.05,0.0
690,plane,CHGxCHbox,now,0.0,-0.05555555555555558,0.0,-0.05,0.0
691,plane,CHGxCHbox,rest,0.0,-0.05555555555555558,0.0,-0.03888888888888889,0.0
692,plane,CHGxCHbox,now,0.0,-0.05555555555555558,0.0,-0.02777777777777778,0.0
693,plane,CHGxCHbox,rest,0.0,-0.05555555555555558,0.0,-0.01666666666666667,0.0
694,plane,CHGxCHbox,now,0.0,-0.05555555555555558,0.0,-0.005555555555555557,0.0
695,plane,CHGxCHbox,rest,0.0,-0.05555555555555558,0.0,0.005555555555555557,0.0
696,plane,CHGxCHbox,now,0.0,-0.05555555555555558,0.0,0.016666666666666663,0.0
697,plane,CHGxCHbox,rest,0.0,-0.05555555555555558,0.0,0.027777777777777776,0.0
698,plane,CHGxCHbox,now,0.0,-0.05555555555555558,0.0,0.03888888888888889,0.0
699,plane,CHGxCHbox,rest,0.0,-0.05555555555555558,0.0,0.05,0.0
700,plane,CHGxCHbox,now,0.0,0.05555555555555558,0.0,-0.05,0.0
701,plane,CHGxCHbox,rest,0.0,0.05555555555555558,0.0,-0.03888888888888889,0.0
702,plane,CHGxCHbox,now,0.0,0.05555555555555558,0.0,-0.02777777777777778,0.0
703,plane,CHGxCHbox,rest,0.0,0.05555555555555558,0.0,-0.01666666666666667,0.0
704,plane,CHGxCHbox,now,0.0,0.05555555555555558,0.0,-0.005555555555555557,0.0
705,plane,CHGxCHbox,rest,0.0,0.05555555555555558,0.0,0.005555555555555557,0.0
706,plane,CHGxCHbox,now,0.0,0.05555555555555558,0.0,0.016666666666666663,0.0
707,plane,CHGxCHbox,rest,0.0,0.05555555555555558,0.0,0.027777777777777776,0.0
708,plane,CHGxCHbox,now,0.0,0.05555555555555558,0.0,0.03888888888888889,0.0
709,plane,CHGxCHbox,rest,0.0,0.05555555555555558,0.0,0.05,0.0
710,plane,CHGxCHbox,now,0.0,0.16666666666666663,0.0,-0.05,0.0
711,plane,CHGxCHbox,rest,0.0,0.16666666666666663,0.0,-0.03888888888888889,0.0
712,plane,CHGxCHbox,now,0.0,0.16666666666666663,0.0,-0.02777777777777778,0.0
713,plane,CHGxCHbox,rest,0.0,0.16666666666666663,0.0,-0.01666666666666667,0.0
714,plane,CHGxCHbox,now,0.0,0.16666666666666663,0.0,-0.005555555555555557,0.0
715,plane,CHGxCHbox,rest,0.0,0.16666666666666663,0.0,0.005555555555555557,0.0
716,plane,CHGxCHbox,now,0.0,0.16666666666666663,0.0,0.016666666666666663,0.0
717,plane,CHGxCHbox,rest,0.0,0.16666666666666663,0.0,0.027777777777777776,0.0
718,plane,CHGxCHbox,now,0.0,0.16666666666666663,0.0,0.03888888888888889,0.0
719,plane,CHGxCHbox,rest,0.0,0.16666666666666663,0.0,0.05,0.0
720,plane,CHGxCHbox,now,0.0,0.2777777777777777,0.0,-0.05,0.0
721,plane,CHGxCHbox,rest,0.0,0.2777777777777777,0.0,-0.03888888888888889,0.0
722,plane,CHGxCHbox,now,0.0,0.2777777777777777,0.0,-0.02777777777777778,0.0
723,plane,CHGxCHbox,rest,0.0,0.2777777777777777,0.0,-0.01666666666666667,0.0
724,plane,CHGxCHbox,now,0.0,0.2777777777777777,0.0,-0.005555555555555557,0.0
725,plane,CHGxCHbox,rest,0.0,0.2777777777777777,0.0,0.005555555555555557,0.0
726,plane,CHGxCHbox,now,0.0,0.2777777777777777,0.0,0.016666666666666663,0.0
727,plane,CHGxCHbox,rest,0.0,0.2777777777777777,0.0,0.027777777777777776,0.0
728,plane,CHGxCHbox,now,0.0,0.2777777777777777,0.0,0.03888888888888889,0.0
729,plane,CHGxCHbox,rest,0.0,0.2777777777777777,0.0,0.05,0.0
730,plane,CHGxCHbox,now,0.0,0.38888888888888884,0.0,-0.05,0.0
731,plane,CHGxCHbox,rest,0.0,0.38888888888888884,0.0,-0.03888888888888889,0.0
732,plane,CHGxCHbox,now,0.0,0.38888888888888884,0.0,-0.02777777777777778,0.0
733,plane,CHGxCHbox,rest,0.0,0.38888888888888884,0.0,-0.01666666666666667,0.0
734,plane,CHGxCHbox,now,0.0,0.38888888888888884,0.0,-0.005555555555555557,0.0
735,plane,CHGxCHbox,rest,0.0,0.38888888888888884,0.0,0.005555555555555557,0.0
736,plane,CHGxCHbox,now,0.0,0.38888888888888884,0.0,0.016666666666666663,0.0
737,plane,CHGxCHbox,rest,0.0,0.38888888888888884,0.0,0.027777777777777776,0.0
738,plane,CHGxCHbox,now,0.0,0.38888888888888884,0.0,0.03888888888888889,0.0
739,plane,CHGxCHbox,rest,0.0,0.38888888888888884,0.0,0.05,0.0
740,plane,CHGxCHbox,now,0.0,0.5,0.0,-0.05,0.0
741,plane,CHGxCHbox,rest,0.0,0.5,0.0,-0.03888888888888889,0.0
742,plane,CHGxCHbox,now,0.0,0.5,0.0,-0.02777777777777778,0.0
743,plane,CHGxCHbox,rest,0.0,0.5,0.0,-0.01666666666666667,0.0
744,plane,CHGxCHbox,now,0.0,0.5,0.0,-0.005555555555555557,0.0
745,plane,CHGxCHbox,rest,0.0,0.5,0.0,0.005555555555555557,0.0
746,plane,CHGxCHbox,now,0.0,0.5,0.0,0.016666666666666663,0.0
747,plane,CHGxCHbox,rest,0.0,0.5,0.0,0.027777777777777776,0.0
748,plane,CHGxCHbox,now,0.0,0.5,0.0,0.03888888888888889,0.0
749,plane,CHGxCHbox,rest,0.0,0.5,0.0,0.05,0.0
750,plane,CHboxxCtG,now,0.0,-0.5,0.0,0.0,-0.5
751,plane,CHboxxCtG,rest,0.0,-0.5,0.0,0.0,-0.25
752,axis,CHbox,now,0.0,-0.5,0.0,0.0,0.0
753,plane,CHboxxCtG,now,0.0,-0.5,0.0,0.0,0.25
754,plane,CHboxxCtG,rest,0.0,-0.5,0.0,0.0,0.5
755,plane,CHboxxCtG,now,0.0,-0.3888888888888889,0.0,0.0,-0.5
756,plane,CHboxxCtG,rest,0.0,-0.3888888888888889,0.0,0.0,-0.25
757,axis,CHbox,now,0.0,-0.3888888888888889,0.0,0.0,0.0
758,plane,CHboxxCtG,now,0.0,-0.3888888888888889,0.0,0.0,0.25
759,plane,CHboxxCtG,rest,0.0,-0.3888888888888889,0.0,0.0,0.5
760,plane,CHboxxCtG,now,0.0,-0.2777777777777778,0.0,0.0,-0.5
761,plane,CHboxxCtG,rest,0.0,-0.2777777777777778,0.0,0.0,-0.25
762,axis,CHbox,now,0.0,-0.2777777777777778,0.0,0.0,0.0
763,plane,CHboxxCtG,now,0.0,-0.2777777777777778,0.0,0.0,0.25
764,plane,CHboxxCtG,rest,0.0,-0.2777777777777778,0.0,0.0,0.5
765,plane,CHboxxCtG,now,0.0,-0.16666666666666669,0.0,0.0,-0.5
766,plane,CHboxxCtG,rest,0.0,-0.16666666666666669,0.0,0.0,-0.25
767,axis,CHbox,now,0.0,-0.16666666666666669,0.0,0.0,0.0
768,plane,CHboxxCtG,now,0.0,-0.16666666666666669,0.0,0.0,0.25
769,plane,CHboxxCtG,rest,0.0,-0.16666666666666669,0.0,0.0,0.5
770,plane,CHboxxCtG,now,0.0,-0.05555555555555558,0.0,0.0,-0.5
771,plane,CHboxxCtG,rest,0.0,-0.05555555555555558,0.0,0.0,-0.25
772,axis,CHbox,now,0.0,-0.05555555555555558,0.0,0.0,0.0
773,plane,CHboxxCtG,now,0.0,-0.05555555555555558,0.0,0.0,0.25
774,plane,CHboxxCtG,rest,0.0,-0.05555555555555558,0.0,0.0,0.5
775,plane,CHboxxCtG,now,0.0,0.05555555555555558,0.0,0.0,-0.5
776,plane,CHboxxCtG,rest,0.0,0.05555555555555558,0.0,0.0,-0.25
777,axis,CHbox,now,0.0,0.05555555555555558,0.0,0.0,0.0
778,plane,CHboxxCtG,now,0.0,0.05555555555555558,0.0,0.0,0.25
779,plane,CHboxxCtG,rest,0.0,0.05555555555555558,0.0,0.0,0.5
780,plane,CHboxxCtG,now,0.0,0.16666666666666663,0.0,0.0,-0.5
781,plane,CHboxxCtG,rest,0.0,0.16666666666666663,0.0,0.0,-0.25
782,axis,CHbox,now,0.0,0.16666666666666663,0.0,0.0,0.0
783,plane,CHboxxCtG,now,0.0,0.16666666666666663,0.0,0.0,0.25
784,plane,CHboxxCtG,rest,0.0,0.16666666666666663,0.0,0.0,0.5
785,plane,CHboxxCtG,now,0.0,0.2777777777777777,0.0,0.0,-0.5
786,plane,CHboxxCtG,rest,0.0,0.2777777777777777,0.0,0.0,-0.25
787,axis,CHbox,now,0.0,0.2777777777777777,0.0,0.0,0.0
788,plane,CHboxxCtG,now,0.0,0.2777777777777777,0.0,0.0,0.25
789,plane,CHboxxCtG,rest,0.0,0.2777777777777777,0.0,0.0,0.5
790,plane,CHboxxCtG,now,0.0,0.38888888888888884,0.0,0.0,-0.5
791,plane,CHboxxCtG,rest,0.0,0.38888888888888884,0.0,0.0,-0.25
792,axis,CHbox,now,0.0,0.38888888888888884,0.0,0.0,0.0
793,plane,CHboxxCtG,now,0.0,0.38888888888888884,0.0,0.0,0.25
794,plane,CHboxxCtG,rest,0.0,0.38888888888888884,0.0,0.0,0.5
795,plane,CHboxxCtG,now,0.0,0.5,0.0,0.0,-0.5
796,plane,CHboxxCtG,rest,0.0,0.5,0.0,0.0,-0.25
797,axis,CHbox,now,0.0,0.5,0.0,0.0,0.0
798,plane,CHboxxCtG,now,0.0,0.5,0.0,0.0,0.25
799,plane,CHboxxCtG,rest,0.0,0.5,0.0,0.0,0.5
800,plane,CHGxCuH,now,0.0,0.0,-5.0,-0.05,0.0
801,plane,CHGxCuH,rest,0.0,0.0,-5.0,-0.03888888888888889,0.0
802,plane,CHGxCuH,now,0.0,0.0,-5.0,-0.02777777777777778,0.0
803,plane,CHGxCuH,rest,0.0,0.0,-5.0,-0.01666666666666667,0.0
804,plane,CHGxCuH,now,0.0,0.0,-5.0,-0.005555555555555557,0.0
805,plane,CHGxCuH,rest,0.0,0.0,-5.0,0.005555555555555557,0.0
806,plane,CHGxCuH,now,0.0,0.0,-5.0,0.016666666666666663,0.0
807,plane,CHGxCuH,rest,0.0,0.0,-5.0,0.027777777777777776,0.0
808,plane,CHGxCuH,now,0.0,0.0,-5.0,0.03888888888888889,0.0
809,plane,CHGxCuH,rest,0.0,0.0,-5.0,0.05,0.0
810,plane,CHGxCuH,now,0.0,0.0,-3.888888888888889,-0.05,0.0
811,plane,CHGxCuH,rest,0.0,0.0,-3.888888888888889,-0.03888888888888889,0.0
812,plane,CHGxCuH,now,0.0,0.0,-3.888888888888889,-0.02777777777777778,0.0
813,plane,CHGxCuH,rest,0.0,0.0,-3.888888888888889,-0.01666666666666667,0.0
814,plane,CHGxCuH,now,0.0,0.0,-3.888888888888889,-0.005555555555555557,0.0
815,plane,CHGxCuH,rest,0.0,0.0,-3.888888888888889,0.005555555555555557,0.0
816,plane,CHGxCuH,now,0.0,0.0,-3.888888888888889,0.016666666666666663,0.0
817,plane,CHGxCuH,rest,0.0,0.0,-3.888888888888889,0.027777777777777776,0.0
818,plane,CHGxCuH,now,0.0,0.0,-3.888888888888889,0.03888888888888889,0.0
819,plane,CHGxCuH,rest,0.0,0.0,-3.888888888888889,0.05,0.0
820,plane,CHGxCuH,now,0.0,0.0,-2.7777777777777777,-0.05,0.0
821,plane,CHGxCuH,rest,0.0,0.0,-2.7777777777777777,-0.03888888888888889,0.0
822,plane,CHGxCuH,now,0.0,0.0,-2.7777777777777777,-0.02777777777777778,0.0
823,plane,CHGxCuH,rest,0.0,0.0,-2.7777777777777777,-0.01666666666666667,0.0
824,plane,CHGxCuH,now,0.0,0.0,-2.7777777777777777,-0.005555555555555557,0.0
825,plane,CHGxCuH,rest,0.0,0.0,-2.7777777777777777,0.005555555555555557,0.0
826,plane,CHGxCuH,now,0.0,0.0,-2.7777777777777777,0.016666666666666663,0.0
827,plane,CHGxCuH,rest,0.0,0.0,-2.7777777777777777,0.027777777777777776,0.0
828,plane,CHGxCuH,now,0.0,0.0,-2.7777777777777777,0.03888888888888889,0.0
829,plane,CHGxCuH,rest,0.0,0.0,-2.7777777777777777,0.05,0.0
830,plane,CHGxCuH,now,0.0,0.0,-1.6666666666666665,-0.05,0.0
831,plane,CHGxCuH,rest,0.0,0.0,-1.6666666666666665,-0.03888888888888889,0.0
832,plane,CHGxCuH,now,0.0,0.0,-1.6666666666666665,-0.02777777777777778,0.0
833,plane,CHGxCuH,rest,0.0,0.0,-1.6666666666666665,-0.01666666666666667,0.0
834,plane,CHGxCuH,now,0.0,0.0,-1.6666666666666665,-0.005555555555555557,0.0
835,plane,CHGxCuH,rest,0.0,0.0,-1.6666666666666665,0.005555555555555557,0.0
836,plane,CHGxCuH,now,0.0,0.0,-1.6666666666666665,0.016666666666666663,0.0
837,plane,CHGxCuH,rest,0.0,0.0,-1.6666666666666665,0.027777777777777776,0.0
838,plane,CHGxCuH,now,0.0,0.0,-1.6666666666666665,0.03888888888888889,0.0
839,plane,CHGxCuH,rest,0.0,0.0,-1.6666666666666665,0.05,0.0
840,plane,CHGxCuH,now,0.0,0.0,-0.5555555555555554,-0.05,0.0
841,plane,CHGxCuH,rest,0.0,0.0,-0.5555555555555554,-0.03888888888888889,0.0
842,plane,CHGxCuH,now,0.0,0.0,-0.5555555555555554,-0.02777777777777778,0.0
843,plane,CHGxCuH,rest,0.0,0.0,-0.5555555555555554,-0.01666666666666667,0.0
844,plane,CHGxCuH,now,0.0,0.0,-0.5555555555555554,-0.005555555555555557,0.0
845,plane,CHGxCuH,rest,0.0,0.0,-0.5555555555555554,0.005555555555555557,0.0
846,plane,CHGxCuH,now,0.0,0.0,-0.5555555555555554,0.016666666666666663,0.0
847,plane,CHGxCuH,rest,0.0,0.0,-0.5555555555555554,0.027777777777777776,0.0
848,plane,CHGxCuH,now,0.0,0.0,-0.5555555555555554,0.03888888888888889,0.0
849,plane,CHGxCuH,rest,0.0,0.0,-0.5555555555555554,0.05,0.0
850,plane,CHGxCuH,now,0.0,0.0,0.5555555555555554,-0.05,0.0
851,plane,CHGxCuH,rest,0.0,0.0,0.5555555555555554,-0.03888888888888889,0.0
852,plane,CHGxCuH,now,0.0,0.0,0.5555555555555554,-0.02777777777777778,0.0
853,plane,CHGxCuH,rest,0.0,0.0,0.5555555555555554,-0.01666666666666667,0.0
854,plane,CHGxCuH,now,0.0,0.0,0.5555555555555554,-0.005555555555555557,0.0
855,plane,CHGxCuH,rest,0.0,0.0,0.5555555555555554,0.005555555555555557,0.0
856,plane,CHGxCuH,now,0.0,0.0,0.5555555555555554,0.016666666666666663,0.0
857,plane,CHGxCuH,rest,0.0,0.0,0.5555555555555554,0.027777777777777776,0.0
858,plane,CHGxCuH,now,0.0,0.0,0.5555555555555554,0.03888888888888889,0.0
859,plane,CHGxCuH,rest,0.0,0.0,0.5555555555555554,0.05,0.0
860,plane,CHGxCuH,now,0.0,0.0,1.666666666666667,-0.05,0.0
861,plane,CHGxCuH,rest,0.0,0.0,1.666666666666667,-0.03888888888888889,0.0
862,plane,CHGxCuH,now,0.0,0.0,1.666666666666667,-0.02777777777777778,0.0
863,plane,CHGxCuH,rest,0.0,0.0,1.666666666666667,-0.01666666666666667,0.0
864,plane,CHGxCuH,now,0.0,0.0,1.666666666666667,-0.005555555555555557,0.0
865,plane,CHGxCuH,rest,0.0,0.0,1.666666666666667,0.005555555555555557,0.0
866,plane,CHGxCuH,now,0.0,0.0,1.666666666666667,0.016666666666666663,0.0
867,plane,CHGxCuH,rest,0.0,0.0,1.666666666666667,0.027777777777777776,0.0
868,plane,CHGxCuH,now,0.0,0.0,1.666666666666667,0.03888888888888889,0.0
869,plane,CHGxCuH,rest,0.0,0.0,1.666666666666667,0.05,0.0
870,plane,CHGxCuH,now,0.0,0.0,2.7777777777777786,-0.05,0.0
871,plane,CHGxCuH,rest,0.0,0.0,2.7777777777777786,-0.03888888888888889,0.0
872,plane,CHGxCuH,now,0.0,0.0,2.7777777777777786,-0.02777777777777778,0.0
873,plane,CHGxCuH,rest,0.0,0.0,2.7777777777777786,-0.01666666666666667,0.0
874,plane,CHGxCuH,now,0.0,0.0,2.7777777777777786,-0.005555555555555557,0.0
875,plane,CHGxCuH,rest,0.0,0.0,2.7777777777777786,0.005555555555555557,0.0
876,plane,CHGxCuH,now,0.0,0.0,2.7777777777777786,0.016666666666666663,0.0
877,plane,CHGxCuH,rest,0.0,0.0,2.7777777777777786,0.027777777777777776,0.0
878,plane,CHGxCuH,now,0.0,0.0,2.7777777777777786,0.03888888888888889,0.0
879,plane,CHGxCuH,rest,0.0,0.0,2.7777777777777786,0.05,0.0
880,plane,CHGxCuH,now,0.0,0.0,3.8888888888888893,-0.05,0.0
881,plane,CHGxCuH,rest,0.0,0.0,3.8888888888888893,-0.03888888888888889,0.0
882,plane,CHGxCuH,now,0.0,0.0,3.8888888888888893,-0.02777777777777778,0.0
883,plane,CHGxCuH,rest,0.0,0.0,3.8888888888888893,-0.01666666666666667,0.0
884,plane,CHGxCuH,now,0.0,0.0,3.8888888888888893,-0.005555555555555557,0.0
885,plane,CHGxCuH,rest,0.0,0.0,3.8888888888888893,0.005555555555555557,0.0
886,plane,CHGxCuH,now,0.0,0.0,3.8888888888888893,0.016666666666666663,0.0
887,plane,CHGxCuH,rest,0.0,0.0,3.8888888888888893,0.027777777777777776,0.0
888,plane,CHGxCuH,now,0.0,0.0,3.8888888888888893,0.03888888888888889,0.0
889,plane,CHGxCuH,rest,0.0,0.0,3.8888888888888893,0.05,0.0
890,plane,CHGxCuH,now,0.0,0.0,5.0,-0.05,0.0
891,plane,CHGxCuH,rest,0.0,0.0,5.0,-0.03888888888888889,0.0
892,plane,CHGxCuH,now,0.0,0.0,5.0,-0.02777777777777778,0.0
893,plane,CHGxCuH,rest,0.0,0.0,5.0,-0.01666666666666667,0.0
894,plane,CHGxCuH,now,0.0,0.0,5.0,-0.005555555555555557,0.0
895,plane,CHGxCuH,rest,0.0,0.0,5.0,0.005555555555555557,0.0
896,plane,CHGxCuH,now,0.0,0.0,5.0,0.016666666666666663,0.0
897,plane,CHGxCuH,rest,0.0,0.0,5.0,0.027777777777777776,0.0
898,plane,CHGxCuH,now,0.0,0.0,5.0,0.03888888888888889,0.0
899,plane,CHGxCuH,rest,0.0,0.0,5.0,0.05,0.0
900,plane,CtGxCuH,now,0.0,0.0,-5.0,0.0,-0.5
901,plane,CtGxCuH,rest,0.0,0.0,-5.0,0.0,-0.25
902,axis,CuH,now,0.0,0.0,-5.0,0.0,0.0
903,plane,CtGxCuH,now,0.0,0.0,-5.0,0.0,0.25
904,plane,CtGxCuH,rest,0.0,0.0,-5.0,0.0,0.5
905,plane,CtGxCuH,now,0.0,0.0,-3.888888888888889,0.0,-0.5
906,plane,CtGxCuH,rest,0.0,0.0,-3.888888888888889,0.0,-0.25
907,axis,CuH,now,0.0,0.0,-3.888888888888889,0.0,0.0
908,plane,CtGxCuH,now,0.0,0.0,-3.888888888888889,0.0,0.25
909,plane,CtGxCuH,rest,0.0,0.0,-3.888888888888889,0.0,0.5
910,plane,CtGxCuH,now,0.0,0.0,-2.7777777777777777,0.0,-0.5
911,plane,CtGxCuH,rest,0.0,0.0,-2.7777777777777777,0.0,-0.25
912,axis,CuH,now,0.0,0.0,-2.7777777777777777,0.0,0.0
913,plane,CtGxCuH,now,0.0,0.0,-2.7777777777777777,0.0,0.25
914,plane,CtGxCuH,rest,0.0,0.0,-2.7777777777777777,0.0,0.5
915,plane,CtGxCuH,now,0.0,0.0,-1.6666666666666665,0.0,-0.5
916,plane,CtGxCuH,rest,0.0,0.0,-1.6666666666666665,0.0,-0.25
917,axis,CuH,now,0.0,0.0,-1.6666666666666665,0.0,0.0
918,plane,CtGxCuH,now,0.0,0.0,-1.6666666666666665,0.0,0.25
919,plane,CtGxCuH,rest,0.0,0.0,-1.6666666666666665,0.0,0.5
920,plane,CtGxCuH,now,0.0,0.0,-0.5555555555555554,0.0,-0.5
921,plane,CtGxCuH,rest,0.0,0.0,-0.5555555555555554,0.0,-0.25
922,axis,CuH,now,0.0,0.0,-0.5555555555555554,0.0,0.0
923,plane,CtGxCuH,now,0.0,0.0,-0.5555555555555554,0.0,0.25
924,plane,CtGxCuH,rest,0.0,0.0,-0.5555555555555554,0.0,0.5
925,plane,CtGxCuH,now,0.0,0.0,0.5555555555555554,0.0,-0.5
926,plane,CtGxCuH,rest,0.0,0.0,0.5555555555555554,0.0,-0.25
927,axis,CuH,now,0.0,0.0,0.5555555555555554,0.0,0.0
928,plane,CtGxCuH,now,0.0,0.0,0.5555555555555554,0.0,0.25
929,plane,CtGxCuH,rest,0.0,0.0,0.5555555555555554,0.0,0.5
930,plane,CtGxCuH,now,0.0,0.0,1.666666666666667,0.0,-0.5
931,plane,CtGxCuH,rest,0.0,0.0,1.666666666666667,0.0,-0.25
932,axis,CuH,now,0.0,0.0,1.666666666666667,0.0,0.0
933,plane,CtGxCuH,now,0.0,0.0,1.666666666666667,0.0,0.25
934,plane,CtGxCuH,rest,0.0,0.0,1.666666666666667,0.0,0.5
935,plane,CtGxCuH,now,0.0,0.0,2.7777777777777786,0.0,-0.5
936,plane,CtGxCuH,rest,0.0,0.0,2.7777777777777786,0.0,-0.25
937,axis,CuH,now,0.0,0.0,2.7777777777777786,0.0,0.0
938,plane,CtGxCuH,now,0.0,0.0,2.7777777777777786,0.0,0.25
939,plane,CtGxCuH,rest,0.0,0.0,2.7777777777777786,0.0,0.5
940,plane,CtGxCuH,now,0.0,0.0,3.8888888888888893,0.0,-0.5
941,plane,CtGxCuH,rest,0.0,0.0,3.8888888888888893,0.0,-0.25
942,axis,CuH,now,0.0,0.0,3.8888888888888893,0.0,0.0
943,plane,CtGxCuH,now,0.0,0.0,3.8888888888888893,0.0,0.25
944,plane,CtGxCuH,rest,0.0,0.0,3.8888888888888893,0.0,0.5
945,plane,CtGxCuH,now,0.0,0.0,5.0,0.0,-0.5
946,plane,CtGxCuH,rest,0.0,0.0,5.0,0.0,-0.25
947,axis,CuH,now,0.0,0.0,5.0,0.0,0.0
948,plane,CtGxCuH,now,0.0,0.0,5.0,0.0,0.25
949,plane,CtGxCuH,rest,0.0,0.0,5.0,0.0,0.5
950,plane,CHGxCtG,now,0.0,0.0,0.0,-0.05,-0.5
951,plane,CHGxCtG,rest,0.0,0.0,0.0,-0.05,-0.25
952,axis,CHG,now,0.0,0.0,0.0,-0.05,0.0
953,plane,CHGxCtG,now,0.0,0.0,0.0,-0.05,0.25
954,plane,CHGxCtG,rest,0.0,0.0,0.0,-0.05,0.5
955,plane,CHGxCtG,now,0.0,0.0,0.0,-0.03888888888888889,-0.5
956,plane,CHGxCtG,rest,0.0,0.0,0.0,-0.03888888888888889,-0.25
957,axis,CHG,now,0.0,0.0,0.0,-0.03888888888888889,0.0
958,plane,CHGxCtG,now,0.0,0.0,0.0,-0.03888888888888889,0.25
959,plane,CHGxCtG,rest,0.0,0.0,0.0,-0.03888888888888889,0.5
960,plane,CHGxCtG,now,0.0,0.0,0.0,-0.02777777777777778,-0.5
961,plane,CHGxCtG,rest,0.0,0.0,0.0,-0.02777777777777778,-0.25
962,axis,CHG,now,0.0,0.0,0.0,-0.02777777777777778,0.0
963,plane,CHGxCtG,now,0.0,0.0,0.0,-0.02777777777777778,0.25
964,plane,CHGxCtG,rest,0.0,0.0,0.0,-0.02777777777777778,0.5
965,plane,CHGxCtG,now,0.0,0.0,0.0,-0.01666666666666667,-0.5
966,plane,CHGxCtG,rest,0.0,0.0,0.0,-0.01666666666666667,-0.25
967,axis,CHG,now,0.0,0.0,0.0,-0.01666666666666667,0.0
968,plane,CHGxCtG,now,0.0,0.0,0.0,-0.01666666666666667,0.25
969,plane,CHGxCtG,rest,0.0,0.0,0.0,-0.01666666666666667,0.5
970,plane,CHGxCtG,now,0.0,0.0,0.0,-0.005555555555555557,-0.5
971,plane,CHGxCtG,rest,0.0,0.0,0.0,-0.005555555555555557,-0.25
972,axis,CHG,now,0.0,0.0,0.0,-0.005555555555555557,0.0
973,plane,CHGxCtG,now,0.0,0.0,0.0,-0.005555555555555557,0.25
974,plane,CHGxCtG,rest,0.0,0.0,0.0,-0.005555555555555557,0.5
975,plane,CHGxCtG,now,0.0,0.0,0.0,0.005555555555555557,-0.5
976,plane,CHGxCtG,rest,0.0,0.0,0.0,0.005555555555555557,-0.25
977,axis,CHG,now,0.0,0.0,0.0,0.005555555555555557,0.0
978,plane,CHGxCtG,now,0.0,0.0,0.0,0.005555555555555557,0.25
979,plane,CHGxCtG,rest,0.0,0.0,0.0,0.005555555555555557,0.5
980,plane,CHGxCtG,now,0.0,0.0,0.0,0.016666666666666663,-0.5
981,plane,CHGxCtG,rest,0.0,0.0,0.0,0.016666666666666663,-0.25
982,axis,CHG,now,0.0,0.0,0.0,0.016666666666666663,0.0
983,plane,CHGxCtG,now,0.0,0.0,0.0,0.016666666666666663,0.25
984,plane,CHGxCtG,rest,0.0,0.0,0.0,0.016666666666666663,0.5
985,plane,CHGxCtG,now,0.0,0.0,0.0,0.027777777777777776,-0.5
986,plane,CHGxCtG,rest,0.0,0.0,0.0,0.027777777777777776,-0.25
987,axis,CHG,now,0.0,0.0,0.0,0.027777777777777776,0.0
988,plane,CHGxCtG,now,0.0,0.0,0.0,0.027777777777777776,0.25
989,plane,CHGxCtG,rest,0.0,0.0,0.0,0.027777777777777776,0.5
990,plane,CHGxCtG,now,0.0,0.0,0.0,0.03888888888888889,-0.5
991,plane,CHGxCtG,rest,0.0,0.0,0.0,0.03888888888888889,-0.25
992,axis,CHG,now,0.0,0.0,0.0,0.03888888888888889,0.0
993,plane,CHGxCtG,now,0.0,0.0,0.0,0.03888888888888889,0.25
994,plane,CHGxCtG,rest,0.0,0.0,0.0,0.03888888888888889,0.5
995,plane,CHGxCtG,now,0.0,0.0,0.0,0.05,-0.5
996,plane,CHGxCtG,rest,0.0,0.0,0.0,0.05,-0.25
997,axis,CHG,now,0.0,0.0,0.0,0.05,0.0
998,plane,CHGxCtG,now,0.0,0.0,0.0,0.05,0.25
999,plane,CHGxCtG,rest,0.0,0.0,0.0,0.05,0.5
